sim_time,junction_id,current_phase,phase_duration_total,phase_duration_remaining,max_queue_length,avg_queue_length,max_waiting_time,green_lane_count,empty_green_lane_count,max_seconds_since_green,approach_count,label
5.0,1294004372,0,82.0,77.0,0,0.0,0.0,2,2,0.0,2,starvation
5.0,1396454306,0,60.0,37.0,0,0.0,0.0,1,1,0.0,2,green_waste
5.0,20447270,0,45.0,37.0,0,0.0,0.0,2,2,0.0,4,demand_imbalance
5.0,2365997447,0,82.0,77.0,0,0.0,0.0,1,1,0.0,1,normal
5.0,26867633,0,42.0,37.0,0,0.0,0.0,2,2,0.0,3,normal
5.0,26867646,0,82.0,77.0,0,0.0,0.0,3,3,0.0,3,normal
5.0,2892088923,0,82.0,77.0,0,0.0,0.0,2,2,0.0,2,normal
5.0,3451922932,0,42.0,37.0,0,0.0,0.0,1,1,0.0,3,normal
5.0,3451922950,0,82.0,77.0,0,0.0,0.0,2,2,0.0,2,normal
5.0,3594514234,0,82.0,77.0,0,0.0,0.0,2,2,0.0,2,normal
5.0,3621526490,0,82.0,77.0,0,0.0,0.0,2,2,0.0,2,normal
5.0,5029099782,0,42.0,37.0,0,0.0,0.0,1,1,0.0,1,normal
5.0,511114288,0,82.0,77.0,0,0.0,0.0,2,2,0.0,2,normal
5.0,5300228178,0,82.0,77.0,0,0.0,0.0,2,2,0.0,2,normal
5.0,5300250107,0,82.0,77.0,0,0.0,0.0,2,2,0.0,2,normal
5.0,5300250108,0,82.0,77.0,0,0.0,0.0,2,2,0.0,2,normal
5.0,5301488751,0,82.0,77.0,0,0.0,0.0,2,2,0.0,2,normal
5.0,659815,0,42.0,37.0,0,0.0,0.0,3,3,0.0,4,normal
5.0,710547269,0,24.0,19.0,0,0.0,0.0,4,4,0.0,7,normal
5.0,cluster_1277707259_1415538921_668804488,0,42.0,37.0,0,0.0,0.0,2,2,0.0,4,normal
5.0,cluster_1294004359_1294004382,0,42.0,37.0,0,0.0,0.0,3,3,0.0,3,normal
5.0,cluster_20299832_527734964_537784305,0,38.0,33.0,0,0.0,0.0,1,1,0.0,2,normal
5.0,cluster_2418681455_3772654578,0,82.0,77.0,0,0.0,0.0,1,1,0.0,1,normal
5.0,cluster_3260618602_389365,0,42.0,37.0,0,0.0,0.0,2,2,0.0,3,normal
5.0,cluster_336173796_389292,0,38.0,33.0,0,0.0,0.0,4,4,0.0,8,normal
5.0,cluster_3451922931_3621526491_5301585467_5301585472,0,82.0,77.0,0,0.0,0.0,2,2,0.0,2,normal
5.0,cluster_389364_5403869166,0,82.0,77.0,0,0.0,0.0,3,3,0.0,3,normal
5.0,cluster_5300250112_5301488754,0,42.0,37.0,0,0.0,0.0,2,2,0.0,3,normal
10.0,1294004372,0,82.0,72.0,0,0.0,0.0,2,2,0.0,2,starvation
10.0,1396454306,0,60.0,32.0,0,0.0,0.0,1,1,0.0,2,green_waste
10.0,20447270,0,45.0,32.0,0,0.0,0.0,2,2,0.0,4,demand_imbalance
10.0,2365997447,0,82.0,72.0,0,0.0,0.0,1,1,0.0,1,normal
10.0,26867633,0,42.0,32.0,1,0.33,3.0,2,2,0.0,3,normal
10.0,26867646,0,82.0,72.0,0,0.0,0.0,3,3,0.0,3,normal
10.0,2892088923,0,82.0,72.0,0,0.0,0.0,2,2,0.0,2,normal
10.0,3451922932,0,42.0,32.0,0,0.0,0.0,1,1,0.0,3,normal
10.0,3451922950,0,82.0,72.0,0,0.0,0.0,2,2,0.0,2,normal
10.0,3594514234,0,82.0,72.0,0,0.0,0.0,2,2,0.0,2,normal
10.0,3621526490,0,82.0,72.0,0,0.0,0.0,2,2,0.0,2,normal
10.0,5029099782,0,42.0,32.0,0,0.0,0.0,1,1,0.0,1,normal
10.0,511114288,0,82.0,72.0,0,0.0,0.0,2,2,0.0,2,normal
10.0,5300228178,0,82.0,72.0,0,0.0,0.0,2,2,0.0,2,normal
10.0,5300250107,0,82.0,72.0,0,0.0,0.0,2,2,0.0,2,normal
10.0,5300250108,0,82.0,72.0,0,0.0,0.0,2,2,0.0,2,normal
10.0,5301488751,0,82.0,72.0,0,0.0,0.0,2,2,0.0,2,normal
10.0,659815,0,42.0,32.0,0,0.0,0.0,3,3,0.0,4,normal
10.0,710547269,0,24.0,14.0,0,0.0,0.0,4,4,0.0,7,normal
10.0,cluster_1277707259_1415538921_668804488,0,42.0,32.0,0,0.0,0.0,2,2,0.0,4,normal
10.0,cluster_1294004359_1294004382,0,42.0,32.0,0,0.0,0.0,3,3,0.0,3,normal
10.0,cluster_20299832_527734964_537784305,0,38.0,28.0,0,0.0,0.0,1,1,0.0,2,normal
10.0,cluster_2418681455_3772654578,0,82.0,72.0,0,0.0,0.0,1,1,0.0,1,normal
10.0,cluster_3260618602_389365,0,42.0,32.0,0,0.0,0.0,2,2,0.0,3,normal
10.0,cluster_336173796_389292,0,38.0,28.0,1,0.12,1.0,4,4,0.0,8,normal
10.0,cluster_3451922931_3621526491_5301585467_5301585472,0,82.0,72.0,0,0.0,0.0,2,2,0.0,2,normal
10.0,cluster_389364_5403869166,0,82.0,72.0,0,0.0,0.0,3,3,0.0,3,normal
10.0,cluster_5300250112_5301488754,0,42.0,32.0,0,0.0,0.0,2,2,0.0,3,normal
15.0,1294004372,0,82.0,67.0,0,0.0,0.0,2,2,0.0,2,starvation
15.0,1396454306,0,60.0,27.0,0,0.0,0.0,1,1,0.0,2,green_waste
15.0,20447270,0,45.0,27.0,0,0.0,0.0,2,2,0.0,4,demand_imbalance
15.0,2365997447,0,82.0,67.0,0,0.0,0.0,1,1,0.0,1,normal
15.0,26867633,0,42.0,27.0,1,0.33,8.0,2,2,0.0,3,normal
15.0,26867646,0,82.0,67.0,0,0.0,0.0,3,3,0.0,3,normal
15.0,2892088923,0,82.0,67.0,0,0.0,0.0,2,2,0.0,2,normal
15.0,3451922932,0,42.0,27.0,0,0.0,0.0,1,1,0.0,3,normal
15.0,3451922950,0,82.0,67.0,0,0.0,0.0,2,2,0.0,2,normal
15.0,3594514234,0,82.0,67.0,0,0.0,0.0,2,2,0.0,2,normal
15.0,3621526490,0,82.0,67.0,0,0.0,0.0,2,2,0.0,2,normal
15.0,5029099782,0,42.0,27.0,0,0.0,0.0,1,1,0.0,1,normal
15.0,511114288,0,82.0,67.0,0,0.0,0.0,2,2,0.0,2,normal
15.0,5300228178,0,82.0,67.0,0,0.0,0.0,2,2,0.0,2,normal
15.0,5300250107,0,82.0,67.0,0,0.0,0.0,2,2,0.0,2,normal
15.0,5300250108,0,82.0,67.0,0,0.0,0.0,2,2,0.0,2,normal
15.0,5301488751,0,82.0,67.0,0,0.0,0.0,2,2,0.0,2,normal
15.0,659815,0,42.0,27.0,0,0.0,0.0,3,3,0.0,4,normal
15.0,710547269,0,24.0,9.0,0,0.0,0.0,4,4,0.0,7,normal
15.0,cluster_1277707259_1415538921_668804488,0,42.0,27.0,0,0.0,0.0,2,2,0.0,4,normal
15.0,cluster_1294004359_1294004382,0,42.0,27.0,0,0.0,0.0,3,3,0.0,3,normal
15.0,cluster_20299832_527734964_537784305,0,38.0,23.0,0,0.0,0.0,1,1,0.0,2,normal
15.0,cluster_2418681455_3772654578,0,82.0,67.0,0,0.0,0.0,1,1,0.0,1,normal
15.0,cluster_3260618602_389365,0,42.0,27.0,0,0.0,0.0,2,2,0.0,3,normal
15.0,cluster_336173796_389292,0,38.0,23.0,1,0.12,6.0,4,4,0.0,8,normal
15.0,cluster_3451922931_3621526491_5301585467_5301585472,0,82.0,67.0,0,0.0,0.0,2,2,0.0,2,normal
15.0,cluster_389364_5403869166,0,82.0,67.0,0,0.0,0.0,3,3,0.0,3,normal
15.0,cluster_5300250112_5301488754,0,42.0,27.0,0,0.0,0.0,2,2,0.0,3,normal
20.0,1294004372,0,82.0,62.0,0,0.0,0.0,2,2,0.0,2,starvation
20.0,1396454306,0,60.0,22.0,0,0.0,0.0,1,1,0.0,2,green_waste
20.0,20447270,0,45.0,22.0,0,0.0,0.0,2,2,0.0,4,demand_imbalance
20.0,2365997447,0,82.0,62.0,0,0.0,0.0,1,1,0.0,1,normal
20.0,26867633,0,42.0,22.0,1,0.33,13.0,2,2,0.0,3,normal
20.0,26867646,0,82.0,62.0,0,0.0,0.0,3,3,0.0,3,normal
20.0,2892088923,0,82.0,62.0,0,0.0,0.0,2,2,0.0,2,normal
20.0,3451922932,0,42.0,22.0,0,0.0,0.0,1,1,0.0,3,normal
20.0,3451922950,0,82.0,62.0,0,0.0,0.0,2,2,0.0,2,normal
20.0,3594514234,0,82.0,62.0,0,0.0,0.0,2,2,0.0,2,normal
20.0,3621526490,0,82.0,62.0,0,0.0,0.0,2,2,0.0,2,normal
20.0,5029099782,0,42.0,22.0,0,0.0,0.0,1,1,0.0,1,normal
20.0,511114288,0,82.0,62.0,0,0.0,0.0,2,2,0.0,2,normal
20.0,5300228178,0,82.0,62.0,0,0.0,0.0,2,2,0.0,2,normal
20.0,5300250107,0,82.0,62.0,0,0.0,0.0,2,2,0.0,2,normal
20.0,5300250108,0,82.0,62.0,0,0.0,0.0,2,2,0.0,2,normal
20.0,5301488751,0,82.0,62.0,0,0.0,0.0,2,2,0.0,2,normal
20.0,659815,0,42.0,22.0,0,0.0,0.0,3,3,0.0,4,normal
20.0,710547269,0,24.0,4.0,0,0.0,0.0,4,4,0.0,7,normal
20.0,cluster_1277707259_1415538921_668804488,0,42.0,22.0,0,0.0,0.0,2,2,0.0,4,normal
20.0,cluster_1294004359_1294004382,0,42.0,22.0,0,0.0,0.0,3,3,0.0,3,normal
20.0,cluster_20299832_527734964_537784305,0,38.0,18.0,0,0.0,0.0,1,1,0.0,2,normal
20.0,cluster_2418681455_3772654578,0,82.0,62.0,0,0.0,0.0,1,1,0.0,1,normal
20.0,cluster_3260618602_389365,0,42.0,22.0,0,0.0,0.0,2,2,0.0,3,normal
20.0,cluster_336173796_389292,0,38.0,18.0,1,0.12,11.0,4,4,0.0,8,normal
20.0,cluster_3451922931_3621526491_5301585467_5301585472,0,82.0,62.0,0,0.0,0.0,2,2,0.0,2,normal
20.0,cluster_389364_5403869166,0,82.0,62.0,0,0.0,0.0,3,3,0.0,3,normal
20.0,cluster_5300250112_5301488754,0,42.0,22.0,0,0.0,0.0,2,2,0.0,3,normal
25.0,1294004372,0,82.0,57.0,0,0.0,0.0,2,2,0.0,2,starvation
25.0,1396454306,0,60.0,17.0,0,0.0,0.0,1,1,0.0,2,green_waste
25.0,20447270,0,45.0,17.0,0,0.0,0.0,2,2,0.0,4,demand_imbalance
25.0,2365997447,0,82.0,57.0,0,0.0,0.0,1,1,0.0,1,normal
25.0,26867633,0,42.0,17.0,1,0.33,18.0,2,2,0.0,3,normal
25.0,26867646,0,82.0,57.0,0,0.0,0.0,3,3,0.0,3,normal
25.0,2892088923,0,82.0,57.0,0,0.0,0.0,2,2,0.0,2,normal
25.0,3451922932,0,42.0,17.0,0,0.0,0.0,1,1,0.0,3,normal
25.0,3451922950,0,82.0,57.0,0,0.0,0.0,2,2,0.0,2,normal
25.0,3594514234,0,82.0,57.0,0,0.0,0.0,2,2,0.0,2,normal
25.0,3621526490,0,82.0,57.0,0,0.0,0.0,2,2,0.0,2,normal
25.0,5029099782,0,42.0,17.0,0,0.0,0.0,1,1,0.0,1,normal
25.0,511114288,0,82.0,57.0,0,0.0,0.0,2,2,0.0,2,normal
25.0,5300228178,0,82.0,57.0,0,0.0,0.0,2,2,0.0,2,normal
25.0,5300250107,0,82.0,57.0,0,0.0,0.0,2,2,0.0,2,normal
25.0,5300250108,0,82.0,57.0,0,0.0,0.0,2,2,0.0,2,normal
25.0,5301488751,0,82.0,57.0,0,0.0,0.0,2,2,0.0,2,normal
25.0,659815,0,42.0,17.0,0,0.0,0.0,3,3,0.0,4,normal
25.0,710547269,1,3.0,2.0,0,0.0,0.0,0,0,5.0,7,normal
25.0,cluster_1277707259_1415538921_668804488,0,42.0,17.0,0,0.0,0.0,2,2,0.0,4,normal
25.0,cluster_1294004359_1294004382,0,42.0,17.0,0,0.0,0.0,3,3,0.0,3,normal
25.0,cluster_20299832_527734964_537784305,0,38.0,13.0,0,0.0,0.0,1,1,0.0,2,normal
25.0,cluster_2418681455_3772654578,0,82.0,57.0,0,0.0,0.0,1,1,0.0,1,normal
25.0,cluster_3260618602_389365,0,42.0,17.0,0,0.0,0.0,2,2,0.0,3,normal
25.0,cluster_336173796_389292,0,38.0,13.0,1,0.12,16.0,4,4,0.0,8,normal
25.0,cluster_3451922931_3621526491_5301585467_5301585472,0,82.0,57.0,0,0.0,0.0,2,2,0.0,2,normal
25.0,cluster_389364_5403869166,0,82.0,57.0,0,0.0,0.0,3,3,0.0,3,normal
25.0,cluster_5300250112_5301488754,0,42.0,17.0,0,0.0,0.0,2,2,0.0,3,normal
30.0,1294004372,0,82.0,52.0,0,0.0,0.0,2,2,0.0,2,starvation
30.0,1396454306,0,60.0,12.0,0,0.0,0.0,1,1,0.0,2,green_waste
30.0,20447270,0,45.0,12.0,0,0.0,0.0,2,2,0.0,4,demand_imbalance
30.0,2365997447,0,82.0,52.0,0,0.0,0.0,1,1,0.0,1,normal
30.0,26867633,0,42.0,12.0,2,0.67,26.0,2,2,0.0,3,normal
30.0,26867646,0,82.0,52.0,0,0.0,0.0,3,3,0.0,3,normal
30.0,2892088923,0,82.0,52.0,0,0.0,0.0,2,2,0.0,2,normal
30.0,3451922932,0,42.0,12.0,0,0.0,0.0,1,1,0.0,3,normal
30.0,3451922950,0,82.0,52.0,0,0.0,0.0,2,2,0.0,2,normal
30.0,3594514234,0,82.0,52.0,0,0.0,0.0,2,2,0.0,2,normal
30.0,3621526490,0,82.0,52.0,0,0.0,0.0,2,2,0.0,2,normal
30.0,5029099782,0,42.0,12.0,0,0.0,0.0,1,1,0.0,1,normal
30.0,511114288,0,82.0,52.0,0,0.0,0.0,2,2,0.0,2,normal
30.0,5300228178,0,82.0,52.0,0,0.0,0.0,2,2,0.0,2,normal
30.0,5300250107,0,82.0,52.0,0,0.0,0.0,2,2,0.0,2,normal
30.0,5300250108,0,82.0,52.0,0,0.0,0.0,2,2,0.0,2,normal
30.0,5301488751,0,82.0,52.0,0,0.0,0.0,2,2,0.0,2,normal
30.0,659815,0,42.0,12.0,0,0.0,0.0,3,3,0.0,4,normal
30.0,710547269,2,24.0,21.0,0,0.0,0.0,4,4,10.0,7,normal
30.0,cluster_1277707259_1415538921_668804488,0,42.0,12.0,0,0.0,0.0,2,2,0.0,4,normal
30.0,cluster_1294004359_1294004382,0,42.0,12.0,0,0.0,0.0,3,3,0.0,3,normal
30.0,cluster_20299832_527734964_537784305,0,38.0,8.0,0,0.0,0.0,1,1,0.0,2,normal
30.0,cluster_2418681455_3772654578,0,82.0,52.0,0,0.0,0.0,1,1,0.0,1,normal
30.0,cluster_3260618602_389365,0,42.0,12.0,0,0.0,0.0,2,2,0.0,3,normal
30.0,cluster_336173796_389292,0,38.0,8.0,1,0.12,21.0,4,4,0.0,8,normal
30.0,cluster_3451922931_3621526491_5301585467_5301585472,0,82.0,52.0,0,0.0,0.0,2,2,0.0,2,normal
30.0,cluster_389364_5403869166,0,82.0,52.0,0,0.0,0.0,3,3,0.0,3,normal
30.0,cluster_5300250112_5301488754,0,42.0,12.0,0,0.0,0.0,2,2,0.0,3,normal
35.0,1294004372,0,82.0,47.0,0,0.0,0.0,2,2,0.0,2,starvation
35.0,1396454306,0,60.0,7.0,0,0.0,0.0,1,1,0.0,2,green_waste
35.0,20447270,0,45.0,7.0,0,0.0,0.0,2,2,0.0,4,demand_imbalance
35.0,2365997447,0,82.0,47.0,0,0.0,0.0,1,1,0.0,1,normal
35.0,26867633,0,42.0,7.0,2,0.67,36.0,2,2,0.0,3,normal
35.0,26867646,0,82.0,47.0,0,0.0,0.0,3,3,0.0,3,normal
35.0,2892088923,0,82.0,47.0,0,0.0,0.0,2,2,0.0,2,normal
35.0,3451922932,0,42.0,7.0,0,0.0,0.0,1,1,0.0,3,normal
35.0,3451922950,0,82.0,47.0,0,0.0,0.0,2,2,0.0,2,normal
35.0,3594514234,0,82.0,47.0,0,0.0,0.0,2,2,0.0,2,normal
35.0,3621526490,0,82.0,47.0,0,0.0,0.0,2,2,0.0,2,normal
35.0,5029099782,0,42.0,7.0,0,0.0,0.0,1,1,0.0,1,normal
35.0,511114288,0,82.0,47.0,0,0.0,0.0,2,2,0.0,2,normal
35.0,5300228178,0,82.0,47.0,0,0.0,0.0,2,2,0.0,2,normal
35.0,5300250107,0,82.0,47.0,0,0.0,0.0,2,2,0.0,2,normal
35.0,5300250108,0,82.0,47.0,0,0.0,0.0,2,2,0.0,2,normal
35.0,5301488751,0,82.0,47.0,0,0.0,0.0,2,2,0.0,2,normal
35.0,659815,0,42.0,7.0,1,0.25,2.0,3,3,0.0,4,normal
35.0,710547269,2,24.0,16.0,0,0.0,0.0,4,4,15.0,7,normal
35.0,cluster_1277707259_1415538921_668804488,0,42.0,7.0,0,0.0,0.0,2,2,0.0,4,normal
35.0,cluster_1294004359_1294004382,0,42.0,7.0,0,0.0,0.0,3,3,0.0,3,normal
35.0,cluster_20299832_527734964_537784305,0,38.0,3.0,0,0.0,0.0,1,1,0.0,2,normal
35.0,cluster_2418681455_3772654578,0,82.0,47.0,0,0.0,0.0,1,1,0.0,1,normal
35.0,cluster_3260618602_389365,0,42.0,7.0,0,0.0,0.0,2,2,0.0,3,normal
35.0,cluster_336173796_389292,0,38.0,3.0,1,0.12,26.0,4,4,0.0,8,normal
35.0,cluster_3451922931_3621526491_5301585467_5301585472,0,82.0,47.0,0,0.0,0.0,2,2,0.0,2,normal
35.0,cluster_389364_5403869166,0,82.0,47.0,0,0.0,0.0,3,3,0.0,3,normal
35.0,cluster_5300250112_5301488754,0,42.0,7.0,0,0.0,0.0,2,2,0.0,3,normal
40.0,1294004372,0,82.0,42.0,0,0.0,0.0,2,2,0.0,2,starvation
40.0,1396454306,0,60.0,2.0,0,0.0,0.0,1,1,0.0,2,green_waste
40.0,20447270,0,45.0,2.0,1,0.25,4.0,2,2,0.0,4,demand_imbalance
40.0,2365997447,0,82.0,42.0,0,0.0,0.0,1,1,0.0,1,normal
40.0,26867633,0,42.0,2.0,2,0.67,46.0,2,2,0.0,3,normal
40.0,26867646,0,82.0,42.0,0,0.0,0.0,3,3,0.0,3,normal
40.0,2892088923,0,82.0,42.0,0,0.0,0.0,2,2,0.0,2,normal
40.0,3451922932,0,42.0,2.0,0,0.0,0.0,1,1,0.0,3,normal
40.0,3451922950,0,82.0,42.0,0,0.0,0.0,2,2,0.0,2,normal
40.0,3594514234,0,82.0,42.0,0,0.0,0.0,2,2,0.0,2,normal
40.0,3621526490,0,82.0,42.0,0,0.0,0.0,2,2,0.0,2,normal
40.0,5029099782,0,42.0,2.0,0,0.0,0.0,1,1,0.0,1,normal
40.0,511114288,0,82.0,42.0,0,0.0,0.0,2,2,0.0,2,normal
40.0,5300228178,0,82.0,42.0,0,0.0,0.0,2,2,0.0,2,normal
40.0,5300250107,0,82.0,42.0,0,0.0,0.0,2,2,0.0,2,normal
40.0,5300250108,0,82.0,42.0,0,0.0,0.0,2,2,0.0,2,normal
40.0,5301488751,0,82.0,42.0,0,0.0,0.0,2,2,0.0,2,normal
40.0,659815,0,42.0,2.0,1,0.25,7.0,3,3,0.0,4,normal
40.0,710547269,2,24.0,11.0,0,0.0,0.0,4,4,20.0,7,normal
40.0,cluster_1277707259_1415538921_668804488,0,42.0,2.0,0,0.0,0.0,2,2,0.0,4,normal
40.0,cluster_1294004359_1294004382,0,42.0,2.0,0,0.0,0.0,3,3,0.0,3,normal
40.0,cluster_20299832_527734964_537784305,1,3.0,1.0,0,0.0,0.0,0,0,5.0,2,normal
40.0,cluster_2418681455_3772654578,0,82.0,42.0,0,0.0,0.0,1,1,0.0,1,normal
40.0,cluster_3260618602_389365,0,42.0,2.0,0,0.0,0.0,2,2,0.0,3,normal
40.0,cluster_336173796_389292,1,3.0,1.0,1,0.12,31.0,1,1,5.0,8,normal
40.0,cluster_3451922931_3621526491_5301585467_5301585472,0,82.0,42.0,0,0.0,0.0,2,2,0.0,2,normal
40.0,cluster_389364_5403869166,0,82.0,42.0,0,0.0,0.0,3,3,0.0,3,normal
40.0,cluster_5300250112_5301488754,0,42.0,2.0,0,0.0,0.0,2,2,0.0,3,normal
45.0,1294004372,0,82.0,37.0,0,0.0,0.0,2,2,0.0,2,starvation
45.0,1396454306,1,3.0,0.0,0,0.0,0.0,0,0,5.0,2,green_waste
45.0,20447270,1,3.0,0.0,1,0.25,9.0,0,0,5.0,4,demand_imbalance
45.0,2365997447,0,82.0,37.0,0,0.0,0.0,1,1,0.0,1,normal
45.0,26867633,1,3.0,0.0,3,1.0,56.5,0,0,5.0,3,normal
45.0,26867646,0,82.0,37.0,0,0.0,0.0,3,3,0.0,3,normal
45.0,2892088923,0,82.0,37.0,0,0.0,0.0,2,2,0.0,2,normal
45.0,3451922932,1,3.0,0.0,0,0.0,0.0,0,0,5.0,3,normal
45.0,3451922950,0,82.0,37.0,0,0.0,0.0,2,2,0.0,2,normal
45.0,3594514234,0,82.0,37.0,0,0.0,0.0,2,2,0.0,2,normal
45.0,3621526490,0,82.0,37.0,0,0.0,0.0,2,2,0.0,2,normal
45.0,5029099782,1,3.0,0.0,0,0.0,0.0,0,0,5.0,1,normal
45.0,511114288,0,82.0,37.0,0,0.0,0.0,2,2,0.0,2,normal
45.0,5300228178,0,82.0,37.0,0,0.0,0.0,2,2,0.0,2,normal
45.0,5300250107,0,82.0,37.0,0,0.0,0.0,2,2,0.0,2,normal
45.0,5300250108,0,82.0,37.0,0,0.0,0.0,2,2,0.0,2,normal
45.0,5301488751,0,82.0,37.0,0,0.0,0.0,2,2,0.0,2,normal
45.0,659815,1,3.0,0.0,1,0.25,12.0,0,0,5.0,4,normal
45.0,710547269,2,24.0,6.0,0,0.0,0.0,4,4,25.0,7,normal
45.0,cluster_1277707259_1415538921_668804488,1,3.0,0.0,1,0.25,2.5,0,0,5.0,4,normal
45.0,cluster_1294004359_1294004382,1,3.0,0.0,0,0.0,0.0,0,0,5.0,3,normal
45.0,cluster_20299832_527734964_537784305,2,6.0,2.0,0,0.0,0.0,0,0,10.0,2,normal
45.0,cluster_2418681455_3772654578,0,82.0,37.0,0,0.0,0.0,1,1,0.0,1,normal
45.0,cluster_3260618602_389365,1,3.0,0.0,0,0.0,0.0,0,0,5.0,3,normal
45.0,cluster_336173796_389292,2,6.0,2.0,1,0.12,36.0,2,2,10.0,8,normal
45.0,cluster_3451922931_3621526491_5301585467_5301585472,0,82.0,37.0,0,0.0,0.0,2,2,0.0,2,normal
45.0,cluster_389364_5403869166,0,82.0,37.0,0,0.0,0.0,3,3,0.0,3,normal
45.0,cluster_5300250112_5301488754,1,3.0,0.0,0,0.0,0.0,0,0,5.0,3,normal
50.0,1294004372,0,82.0,32.0,0,0.0,0.0,2,2,0.0,2,starvation
50.0,1396454306,2,10.0,5.0,1,0.5,4.0,1,1,10.0,2,green_waste
50.0,20447270,2,15.0,10.0,0,0.0,0.0,2,2,10.0,4,demand_imbalance
50.0,2365997447,0,82.0,32.0,0,0.0,0.0,1,1,0.0,1,normal
50.0,26867633,2,42.0,37.0,1,0.33,5.0,2,2,10.0,3,normal
50.0,26867646,0,82.0,32.0,0,0.0,0.0,3,3,0.0,3,normal
50.0,2892088923,0,82.0,32.0,0,0.0,0.0,2,2,0.0,2,normal
50.0,3451922932,2,42.0,37.0,0,0.0,0.0,2,2,10.0,3,normal
50.0,3451922950,0,82.0,32.0,0,0.0,0.0,2,2,0.0,2,normal
50.0,3594514234,0,82.0,32.0,0,0.0,0.0,2,2,0.0,2,normal
50.0,3621526490,0,82.0,32.0,0,0.0,0.0,2,2,0.0,2,normal
50.0,5029099782,2,42.0,37.0,0,0.0,0.0,0,0,10.0,1,normal
50.0,511114288,0,82.0,32.0,0,0.0,0.0,2,2,0.0,2,normal
50.0,5300228178,0,82.0,32.0,0,0.0,0.0,2,2,0.0,2,normal
50.0,5300250107,0,82.0,32.0,0,0.0,0.0,2,2,0.0,2,normal
50.0,5300250108,0,82.0,32.0,0,0.0,0.0,2,2,0.0,2,normal
50.0,5301488751,0,82.0,32.0,0,0.0,0.0,2,2,0.0,2,normal
50.0,659815,2,42.0,37.0,0,0.0,0.0,1,1,10.0,4,normal
50.0,710547269,2,24.0,1.0,0,0.0,0.0,4,4,30.0,7,normal
50.0,cluster_1277707259_1415538921_668804488,2,42.0,37.0,0,0.0,0.0,2,2,10.0,4,normal
50.0,cluster_1294004359_1294004382,2,42.0,37.0,0,0.0,0.0,3,3,0.0,3,normal
50.0,cluster_20299832_527734964_537784305,3,3.0,0.0,0,0.0,0.0,0,0,15.0,2,normal
50.0,cluster_2418681455_3772654578,0,82.0,32.0,0,0.0,0.0,1,1,0.0,1,normal
50.0,cluster_3260618602_389365,2,42.0,37.0,1,0.33,2.0,2,2,10.0,3,normal
50.0,cluster_336173796_389292,3,3.0,0.0,1,0.12,41.0,0,0,15.0,8,normal
50.0,cluster_3451922931_3621526491_5301585467_5301585472,0,82.0,32.0,0,0.0,0.0,2,2,0.0,2,normal
50.0,cluster_389364_5403869166,0,82.0,32.0,0,0.0,0.0,3,3,0.0,3,normal
50.0,cluster_5300250112_5301488754,2,42.0,37.0,0,0.0,0.0,2,2,10.0,3,normal
55.0,1294004372,0,82.0,27.0,0,0.0,0.0,2,2,0.0,2,starvation
55.0,1396454306,2,10.0,0.0,1,0.5,9.0,1,1,15.0,2,green_waste
55.0,20447270,2,15.0,5.0,0,0.0,0.0,2,2,15.0,4,demand_imbalance
55.0,2365997447,0,82.0,27.0,0,0.0,0.0,1,1,0.0,1,normal
55.0,26867633,2,42.0,32.0,2,0.67,15.0,2,2,15.0,3,normal
55.0,26867646,0,82.0,27.0,0,0.0,0.0,3,3,0.0,3,normal
55.0,2892088923,0,82.0,27.0,0,0.0,0.0,2,2,0.0,2,normal
55.0,3451922932,2,42.0,32.0,0,0.0,0.0,2,2,15.0,3,normal
55.0,3451922950,0,82.0,27.0,0,0.0,0.0,2,2,0.0,2,normal
55.0,3594514234,0,82.0,27.0,0,0.0,0.0,2,2,0.0,2,normal
55.0,3621526490,0,82.0,27.0,0,0.0,0.0,2,2,0.0,2,normal
55.0,5029099782,2,42.0,32.0,0,0.0,0.0,0,0,15.0,1,normal
55.0,511114288,0,82.0,27.0,0,0.0,0.0,2,2,0.0,2,normal
55.0,5300228178,0,82.0,27.0,0,0.0,0.0,2,2,0.0,2,normal
55.0,5300250107,0,82.0,27.0,0,0.0,0.0,2,2,0.0,2,normal
55.0,5300250108,0,82.0,27.0,0,0.0,0.0,2,2,0.0,2,normal
55.0,5301488751,0,82.0,27.0,0,0.0,0.0,2,2,0.0,2,normal
55.0,659815,2,42.0,32.0,0,0.0,0.0,1,1,15.0,4,normal
55.0,710547269,4,6.0,5.0,0,0.0,0.0,1,1,35.0,7,normal
55.0,cluster_1277707259_1415538921_668804488,2,42.0,32.0,0,0.0,0.0,2,2,15.0,4,normal
55.0,cluster_1294004359_1294004382,2,42.0,32.0,0,0.0,0.0,3,3,0.0,3,normal
55.0,cluster_20299832_527734964_537784305,4,37.0,32.0,0,0.0,0.0,1,1,20.0,2,normal
55.0,cluster_2418681455_3772654578,0,82.0,27.0,0,0.0,0.0,1,1,0.0,1,normal
55.0,cluster_3260618602_389365,2,42.0,32.0,1,0.33,7.0,2,2,15.0,3,normal
55.0,cluster_336173796_389292,4,37.0,32.0,0,0.0,0.0,4,4,20.0,8,normal
55.0,cluster_3451922931_3621526491_5301585467_5301585472,0,82.0,27.0,0,0.0,0.0,2,2,0.0,2,normal
55.0,cluster_389364_5403869166,0,82.0,27.0,0,0.0,0.0,3,3,0.0,3,normal
55.0,cluster_5300250112_5301488754,2,42.0,32.0,0,0.0,0.0,2,2,15.0,3,normal
60.0,1294004372,0,82.0,22.0,0,0.0,0.0,2,2,0.0,2,starvation
60.0,1396454306,0,60.0,58.0,0,0.0,0.0,1,1,5.0,2,green_waste
60.0,20447270,2,15.0,0.0,0,0.0,0.0,2,2,20.0,4,demand_imbalance
60.0,2365997447,0,82.0,22.0,0,0.0,0.0,1,1,0.0,1,normal
60.0,26867633,2,42.0,27.0,3,1.0,30.0,2,2,20.0,3,normal
60.0,26867646,0,82.0,22.0,0,0.0,0.0,3,3,0.0,3,normal
60.0,2892088923,0,82.0,22.0,0,0.0,0.0,2,2,0.0,2,normal
60.0,3451922932,2,42.0,27.0,0,0.0,0.0,2,2,20.0,3,normal
60.0,3451922950,0,82.0,22.0,0,0.0,0.0,2,2,0.0,2,normal
60.0,3594514234,0,82.0,22.0,0,0.0,0.0,2,2,0.0,2,normal
60.0,3621526490,0,82.0,22.0,0,0.0,0.0,2,2,0.0,2,normal
60.0,5029099782,2,42.0,27.0,0,0.0,0.0,0,0,20.0,1,normal
60.0,511114288,0,82.0,22.0,0,0.0,0.0,2,2,0.0,2,normal
60.0,5300228178,0,82.0,22.0,0,0.0,0.0,2,2,0.0,2,normal
60.0,5300250107,0,82.0,22.0,0,0.0,0.0,2,2,0.0,2,normal
60.0,5300250108,0,82.0,22.0,0,0.0,0.0,2,2,0.0,2,normal
60.0,5301488751,0,82.0,22.0,0,0.0,0.0,2,2,0.0,2,normal
60.0,659815,2,42.0,27.0,0,0.0,0.0,1,1,20.0,4,normal
60.0,710547269,4,6.0,0.0,0,0.0,0.0,1,1,40.0,7,normal
60.0,cluster_1277707259_1415538921_668804488,2,42.0,27.0,0,0.0,0.0,2,2,20.0,4,normal
60.0,cluster_1294004359_1294004382,2,42.0,27.0,0,0.0,0.0,3,3,0.0,3,normal
60.0,cluster_20299832_527734964_537784305,4,37.0,27.0,0,0.0,0.0,1,1,25.0,2,normal
60.0,cluster_2418681455_3772654578,0,82.0,22.0,0,0.0,0.0,1,1,0.0,1,normal
60.0,cluster_3260618602_389365,2,42.0,27.0,1,0.33,12.0,2,2,20.0,3,normal
60.0,cluster_336173796_389292,4,37.0,27.0,0,0.0,0.0,4,4,25.0,8,normal
60.0,cluster_3451922931_3621526491_5301585467_5301585472,0,82.0,22.0,0,0.0,0.0,2,2,0.0,2,normal
60.0,cluster_389364_5403869166,0,82.0,22.0,0,0.0,0.0,3,3,0.0,3,normal
60.0,cluster_5300250112_5301488754,2,42.0,27.0,0,0.0,0.0,2,2,20.0,3,normal
65.0,1294004372,0,82.0,17.0,0,0.0,0.0,2,2,0.0,2,starvation
65.0,1396454306,0,60.0,53.0,0,0.0,0.0,1,1,10.0,2,green_waste
65.0,20447270,0,45.0,43.0,0,0.0,0.0,2,2,5.0,4,demand_imbalance
65.0,2365997447,0,82.0,17.0,0,0.0,0.0,1,1,0.0,1,normal
65.0,26867633,2,42.0,22.0,3,1.0,45.0,2,2,25.0,3,normal
65.0,26867646,0,82.0,17.0,0,0.0,0.0,3,3,0.0,3,normal
65.0,2892088923,0,82.0,17.0,0,0.0,0.0,2,2,0.0,2,normal
65.0,3451922932,2,42.0,22.0,0,0.0,0.0,2,2,25.0,3,normal
65.0,3451922950,0,82.0,17.0,0,0.0,0.0,2,2,0.0,2,normal
65.0,3594514234,0,82.0,17.0,0,0.0,0.0,2,2,0.0,2,normal
65.0,3621526490,0,82.0,17.0,0,0.0,0.0,2,2,0.0,2,normal
65.0,5029099782,2,42.0,22.0,0,0.0,0.0,0,0,25.0,1,normal
65.0,511114288,0,82.0,17.0,0,0.0,0.0,2,2,0.0,2,normal
65.0,5300228178,0,82.0,17.0,0,0.0,0.0,2,2,0.0,2,normal
65.0,5300250107,0,82.0,17.0,0,0.0,0.0,2,2,0.0,2,normal
65.0,5300250108,0,82.0,17.0,0,0.0,0.0,2,2,0.0,2,normal
65.0,5301488751,0,82.0,17.0,0,0.0,0.0,2,2,0.0,2,normal
65.0,659815,2,42.0,22.0,1,0.25,5.0,1,1,25.0,4,normal
65.0,710547269,6,24.0,22.0,0,0.0,0.0,3,3,45.0,7,normal
65.0,cluster_1277707259_1415538921_668804488,2,42.0,22.0,0,0.0,0.0,2,2,25.0,4,normal
65.0,cluster_1294004359_1294004382,2,42.0,22.0,0,0.0,0.0,3,3,0.0,3,normal
65.0,cluster_20299832_527734964_537784305,4,37.0,22.0,0,0.0,0.0,1,1,30.0,2,normal
65.0,cluster_2418681455_3772654578,0,82.0,17.0,0,0.0,0.0,1,1,0.0,1,normal
65.0,cluster_3260618602_389365,2,42.0,22.0,1,0.33,17.0,2,2,25.0,3,normal
65.0,cluster_336173796_389292,4,37.0,22.0,0,0.0,0.0,4,4,30.0,8,normal
65.0,cluster_3451922931_3621526491_5301585467_5301585472,0,82.0,17.0,0,0.0,0.0,2,2,0.0,2,normal
65.0,cluster_389364_5403869166,0,82.0,17.0,0,0.0,0.0,3,3,0.0,3,normal
65.0,cluster_5300250112_5301488754,2,42.0,22.0,0,0.0,0.0,2,2,25.0,3,normal
70.0,1294004372,0,82.0,12.0,0,0.0,0.0,2,2,0.0,2,starvation
70.0,1396454306,0,60.0,48.0,1,0.5,4.5,1,1,15.0,2,green_waste
70.0,20447270,0,45.0,38.0,1,0.25,1.0,2,2,10.0,4,demand_imbalance
70.0,2365997447,0,82.0,12.0,0,0.0,0.0,1,1,0.0,1,normal
70.0,26867633,2,42.0,17.0,3,1.0,60.0,2,2,30.0,3,normal
70.0,26867646,0,82.0,12.0,0,0.0,0.0,3,3,0.0,3,normal
70.0,2892088923,0,82.0,12.0,0,0.0,0.0,2,2,0.0,2,normal
70.0,3451922932,2,42.0,17.0,0,0.0,0.0,2,2,30.0,3,normal
70.0,3451922950,0,82.0,12.0,0,0.0,0.0,2,2,0.0,2,normal
70.0,3594514234,0,82.0,12.0,0,0.0,0.0,2,2,0.0,2,normal
70.0,3621526490,0,82.0,12.0,0,0.0,0.0,2,2,0.0,2,normal
70.0,5029099782,2,42.0,17.0,0,0.0,0.0,0,0,30.0,1,normal
70.0,511114288,0,82.0,12.0,0,0.0,0.0,2,2,0.0,2,normal
70.0,5300228178,0,82.0,12.0,0,0.0,0.0,2,2,0.0,2,normal
70.0,5300250107,0,82.0,12.0,0,0.0,0.0,2,2,0.0,2,normal
70.0,5300250108,0,82.0,12.0,0,0.0,0.0,2,2,0.0,2,normal
70.0,5301488751,0,82.0,12.0,0,0.0,0.0,2,2,0.0,2,normal
70.0,659815,2,42.0,17.0,1,0.25,10.0,1,1,30.0,4,normal
70.0,710547269,6,24.0,17.0,0,0.0,0.0,3,3,50.0,7,normal
70.0,cluster_1277707259_1415538921_668804488,2,42.0,17.0,1,0.25,3.5,2,2,30.0,4,normal
70.0,cluster_1294004359_1294004382,2,42.0,17.0,0,0.0,0.0,3,3,0.0,3,normal
70.0,cluster_20299832_527734964_537784305,4,37.0,17.0,0,0.0,0.0,1,1,35.0,2,normal
70.0,cluster_2418681455_3772654578,0,82.0,12.0,0,0.0,0.0,1,1,0.0,1,normal
70.0,cluster_3260618602_389365,2,42.0,17.0,1,0.33,22.0,2,2,30.0,3,normal
70.0,cluster_336173796_389292,4,37.0,17.0,0,0.0,0.0,4,4,35.0,8,normal
70.0,cluster_3451922931_3621526491_5301585467_5301585472,0,82.0,12.0,0,0.0,0.0,2,2,0.0,2,normal
70.0,cluster_389364_5403869166,0,82.0,12.0,0,0.0,0.0,3,3,0.0,3,normal
70.0,cluster_5300250112_5301488754,2,42.0,17.0,0,0.0,0.0,2,2,30.0,3,normal
75.0,1294004372,0,82.0,7.0,0,0.0,0.0,2,2,0.0,2,starvation
75.0,1396454306,0,60.0,43.0,1,0.5,9.5,1,1,20.0,2,green_waste
75.0,20447270,0,45.0,33.0,1,0.5,6.0,2,2,15.0,4,demand_imbalance
75.0,2365997447,0,82.0,7.0,0,0.0,0.0,1,1,0.0,1,normal
75.0,26867633,2,42.0,12.0,3,1.0,75.0,2,2,35.0,3,normal
75.0,26867646,0,82.0,7.0,0,0.0,0.0,3,3,0.0,3,normal
75.0,2892088923,0,82.0,7.0,0,0.0,0.0,2,2,0.0,2,normal
75.0,3451922932,2,42.0,12.0,1,0.33,4.5,2,2,35.0,3,normal
75.0,3451922950,0,82.0,7.0,0,0.0,0.0,2,2,0.0,2,normal
75.0,3594514234,0,82.0,7.0,0,0.0,0.0,2,2,0.0,2,normal
75.0,3621526490,0,82.0,7.0,0,0.0,0.0,2,2,0.0,2,normal
75.0,5029099782,2,42.0,12.0,0,0.0,0.0,0,0,35.0,1,normal
75.0,511114288,0,82.0,7.0,0,0.0,0.0,2,2,0.0,2,normal
75.0,5300228178,0,82.0,7.0,0,0.0,0.0,2,2,0.0,2,normal
75.0,5300250107,0,82.0,7.0,0,0.0,0.0,2,2,0.0,2,normal
75.0,5300250108,0,82.0,7.0,0,0.0,0.0,2,2,0.0,2,normal
75.0,5301488751,0,82.0,7.0,0,0.0,0.0,2,2,0.0,2,normal
75.0,659815,2,42.0,12.0,1,0.25,15.0,1,1,35.0,4,normal
75.0,710547269,6,24.0,12.0,1,0.14,5.0,3,2,55.0,7,normal
75.0,cluster_1277707259_1415538921_668804488,2,42.0,12.0,1,0.25,8.5,2,2,35.0,4,normal
75.0,cluster_1294004359_1294004382,2,42.0,12.0,0,0.0,0.0,3,3,0.0,3,normal
75.0,cluster_20299832_527734964_537784305,4,37.0,12.0,0,0.0,0.0,1,1,40.0,2,normal
75.0,cluster_2418681455_3772654578,0,82.0,7.0,0,0.0,0.0,1,1,0.0,1,normal
75.0,cluster_3260618602_389365,2,42.0,12.0,1,0.33,27.0,2,2,35.0,3,normal
75.0,cluster_336173796_389292,4,37.0,12.0,0,0.0,0.0,4,4,40.0,8,normal
75.0,cluster_3451922931_3621526491_5301585467_5301585472,0,82.0,7.0,0,0.0,0.0,2,2,0.0,2,normal
75.0,cluster_389364_5403869166,0,82.0,7.0,0,0.0,0.0,3,3,0.0,3,normal
75.0,cluster_5300250112_5301488754,2,42.0,12.0,0,0.0,0.0,2,2,35.0,3,normal
80.0,1294004372,0,82.0,2.0,0,0.0,0.0,2,2,0.0,2,starvation
80.0,1396454306,0,60.0,38.0,1,0.5,14.5,1,1,25.0,2,green_waste
80.0,20447270,0,45.0,28.0,2,0.75,13.0,2,2,20.0,4,demand_imbalance
80.0,2365997447,0,82.0,2.0,0,0.0,0.0,1,1,0.0,1,normal
80.0,26867633,2,42.0,7.0,3,1.33,90.0,2,1,40.0,3,normal
80.0,26867646,0,82.0,2.0,0,0.0,0.0,3,3,0.0,3,normal
80.0,2892088923,0,82.0,2.0,0,0.0,0.0,2,2,0.0,2,normal
80.0,3451922932,2,42.0,7.0,1,0.33,9.5,2,2,40.0,3,normal
80.0,3451922950,0,82.0,2.0,0,0.0,0.0,2,2,0.0,2,normal
80.0,3594514234,0,82.0,2.0,0,0.0,0.0,2,2,0.0,2,normal
80.0,3621526490,0,82.0,2.0,0,0.0,0.0,2,2,0.0,2,normal
80.0,5029099782,2,42.0,7.0,0,0.0,0.0,0,0,40.0,1,normal
80.0,511114288,0,82.0,2.0,0,0.0,0.0,2,2,0.0,2,normal
80.0,5300228178,0,82.0,2.0,0,0.0,0.0,2,2,0.0,2,normal
80.0,5300250107,0,82.0,2.0,0,0.0,0.0,2,2,0.0,2,normal
80.0,5300250108,0,82.0,2.0,0,0.0,0.0,2,2,0.0,2,normal
80.0,5301488751,0,82.0,2.0,0,0.0,0.0,2,2,0.0,2,normal
80.0,659815,2,42.0,7.0,2,0.75,21.0,1,1,40.0,4,normal
80.0,710547269,6,24.0,7.0,1,0.14,10.0,3,2,60.0,7,normal
80.0,cluster_1277707259_1415538921_668804488,2,42.0,7.0,1,0.25,13.5,2,2,40.0,4,normal
80.0,cluster_1294004359_1294004382,2,42.0,7.0,0,0.0,0.0,3,3,0.0,3,normal
80.0,cluster_20299832_527734964_537784305,4,37.0,7.0,0,0.0,0.0,1,1,45.0,2,normal
80.0,cluster_2418681455_3772654578,0,82.0,2.0,0,0.0,0.0,1,1,0.0,1,normal
80.0,cluster_3260618602_389365,2,42.0,7.0,1,0.33,32.0,2,2,40.0,3,normal
80.0,cluster_336173796_389292,4,37.0,7.0,0,0.0,0.0,4,4,45.0,8,normal
80.0,cluster_3451922931_3621526491_5301585467_5301585472,0,82.0,2.0,0,0.0,0.0,2,2,0.0,2,normal
80.0,cluster_389364_5403869166,0,82.0,2.0,0,0.0,0.0,3,3,0.0,3,normal
80.0,cluster_5300250112_5301488754,2,42.0,7.0,0,0.0,0.0,2,2,40.0,3,normal
85.0,1294004372,1,3.0,0.0,0,0.0,0.0,0,0,5.0,2,starvation
85.0,1396454306,0,60.0,33.0,1,0.5,19.5,1,1,30.0,2,green_waste
85.0,20447270,0,45.0,23.0,3,1.0,28.0,2,2,25.0,4,demand_imbalance
85.0,2365997447,1,3.0,0.0,0,0.0,0.0,0,0,5.0,1,normal
85.0,26867633,2,42.0,2.0,3,1.33,105.0,2,1,45.0,3,normal
85.0,26867646,1,3.0,0.0,0,0.0,0.0,0,0,5.0,3,normal
85.0,2892088923,1,3.0,0.0,0,0.0,0.0,0,0,5.0,2,normal
85.0,3451922932,2,42.0,2.0,1,0.33,14.5,2,2,45.0,3,normal
85.0,3451922950,1,3.0,0.0,0,0.0,0.0,0,0,5.0,2,normal
85.0,3594514234,1,3.0,0.0,0,0.0,0.0,0,0,5.0,2,normal
85.0,3621526490,1,3.0,0.0,0,0.0,0.0,0,0,5.0,2,normal
85.0,5029099782,2,42.0,2.0,0,0.0,0.0,0,0,45.0,1,normal
85.0,511114288,1,3.0,0.0,0,0.0,0.0,0,0,5.0,2,normal
85.0,5300228178,1,3.0,0.0,0,0.0,0.0,0,0,5.0,2,normal
85.0,5300250107,1,3.0,0.0,0,0.0,0.0,0,0,5.0,2,normal
85.0,5300250108,1,3.0,0.0,0,0.0,0.0,0,0,5.0,2,normal
85.0,5301488751,1,3.0,0.0,0,0.0,0.0,0,0,5.0,2,normal
85.0,659815,2,42.0,2.0,2,1.0,31.0,1,1,45.0,4,normal
85.0,710547269,6,24.0,2.0,1,0.14,15.0,3,2,65.0,7,normal
85.0,cluster_1277707259_1415538921_668804488,2,42.0,2.0,1,0.25,18.5,2,2,45.0,4,normal
85.0,cluster_1294004359_1294004382,2,42.0,2.0,0,0.0,0.0,3,3,0.0,3,normal
85.0,cluster_20299832_527734964_537784305,4,37.0,2.0,0,0.0,0.0,1,1,50.0,2,normal
85.0,cluster_2418681455_3772654578,1,3.0,0.0,1,1.0,0.5,0,0,5.0,1,normal
85.0,cluster_3260618602_389365,2,42.0,2.0,1,0.33,37.0,2,2,45.0,3,normal
85.0,cluster_336173796_389292,4,37.0,2.0,0,0.0,0.0,4,4,50.0,8,normal
85.0,cluster_3451922931_3621526491_5301585467_5301585472,1,3.0,0.0,0,0.0,0.0,0,0,5.0,2,normal
85.0,cluster_389364_5403869166,1,3.0,0.0,0,0.0,0.0,0,0,5.0,3,normal
85.0,cluster_5300250112_5301488754,2,42.0,2.0,0,0.0,0.0,2,2,45.0,3,normal
90.0,1294004372,2,5.0,0.0,0,0.0,0.0,0,0,10.0,2,starvation
90.0,1396454306,0,60.0,28.0,1,0.5,24.5,1,1,35.0,2,green_waste
90.0,20447270,0,45.0,18.0,4,1.75,44.0,2,2,30.0,4,demand_imbalance
90.0,2365997447,2,5.0,0.0,0,0.0,0.0,0,0,10.0,1,normal
90.0,26867633,3,3.0,0.0,3,1.33,120.0,0,0,50.0,3,normal
90.0,26867646,2,5.0,0.0,0,0.0,0.0,0,0,10.0,3,normal
90.0,2892088923,2,5.0,0.0,0,0.0,0.0,0,0,10.0,2,normal
90.0,3451922932,3,3.0,0.0,1,0.33,19.5,0,0,50.0,3,normal
90.0,3451922950,2,5.0,0.0,0,0.0,0.0,0,0,10.0,2,normal
90.0,3594514234,2,5.0,0.0,0,0.0,0.0,0,0,10.0,2,normal
90.0,3621526490,2,5.0,0.0,0,0.0,0.0,0,0,10.0,2,normal
90.0,5029099782,3,3.0,0.0,0,0.0,0.0,0,0,50.0,1,normal
90.0,511114288,2,5.0,0.0,0,0.0,0.0,0,0,10.0,2,normal
90.0,5300228178,2,5.0,0.0,0,0.0,0.0,0,0,10.0,2,normal
90.0,5300250107,2,5.0,0.0,1,0.5,5.0,0,0,10.0,2,normal
90.0,5300250108,2,5.0,0.0,0,0.0,0.0,0,0,10.0,2,normal
90.0,5301488751,2,5.0,0.0,0,0.0,0.0,0,0,10.0,2,normal
90.0,659815,3,3.0,0.0,2,1.0,41.0,0,0,50.0,4,normal
90.0,710547269,7,3.0,0.0,1,0.14,20.0,0,0,70.0,7,normal
90.0,cluster_1277707259_1415538921_668804488,3,3.0,0.0,1,0.25,23.5,0,0,50.0,4,normal
90.0,cluster_1294004359_1294004382,3,3.0,0.0,0,0.0,0.0,0,0,5.0,3,normal
90.0,cluster_20299832_527734964_537784305,5,3.0,0.0,0,0.0,0.0,0,0,55.0,2,normal
90.0,cluster_2418681455_3772654578,2,5.0,0.0,1,1.0,5.5,0,0,10.0,1,normal
90.0,cluster_3260618602_389365,3,3.0,0.0,1,0.33,42.0,0,0,50.0,3,normal
90.0,cluster_336173796_389292,5,3.0,0.0,0,0.0,0.0,0,0,55.0,8,normal
90.0,cluster_3451922931_3621526491_5301585467_5301585472,2,5.0,0.0,0,0.0,0.0,0,0,10.0,2,normal
90.0,cluster_389364_5403869166,2,5.0,0.0,2,0.67,5.0,0,0,10.0,3,normal
90.0,cluster_5300250112_5301488754,3,3.0,0.0,0,0.0,0.0,0,0,50.0,3,normal
95.0,1294004372,0,82.0,77.0,0,0.0,0.0,2,2,0.0,2,starvation
95.0,1396454306,0,60.0,23.0,1,0.5,29.5,1,1,40.0,2,green_waste
95.0,20447270,0,45.0,13.0,4,1.75,64.0,2,2,35.0,4,demand_imbalance
95.0,2365997447,0,82.0,77.0,0,0.0,0.0,1,1,0.0,1,normal
95.0,26867633,0,42.0,37.0,0,0.0,0.0,2,2,10.0,3,normal
95.0,26867646,0,82.0,77.0,0,0.0,0.0,3,3,0.0,3,normal
95.0,2892088923,0,82.0,77.0,0,0.0,0.0,2,2,0.0,2,normal
95.0,3451922932,0,42.0,37.0,0,0.0,0.0,1,1,10.0,3,normal
95.0,3451922950,0,82.0,77.0,0,0.0,0.0,2,2,0.0,2,normal
95.0,3594514234,0,82.0,77.0,0,0.0,0.0,2,2,0.0,2,normal
95.0,3621526490,0,82.0,77.0,0,0.0,0.0,2,2,0.0,2,normal
95.0,5029099782,0,42.0,37.0,0,0.0,0.0,1,1,0.0,1,normal
95.0,511114288,0,82.0,77.0,0,0.0,0.0,2,2,0.0,2,normal
95.0,5300228178,0,82.0,77.0,0,0.0,0.0,2,2,0.0,2,normal
95.0,5300250107,0,82.0,77.0,0,0.0,0.0,2,2,0.0,2,normal
95.0,5300250108,0,82.0,77.0,0,0.0,0.0,2,2,0.0,2,normal
95.0,5301488751,0,82.0,77.0,0,0.0,0.0,2,2,0.0,2,normal
95.0,659815,0,42.0,37.0,0,0.0,0.0,3,3,10.0,4,normal
95.0,710547269,0,24.0,19.0,1,0.14,25.0,4,3,45.0,7,normal
95.0,cluster_1277707259_1415538921_668804488,0,42.0,37.0,0,0.0,0.0,2,2,10.0,4,normal
95.0,cluster_1294004359_1294004382,0,42.0,37.0,0,0.0,0.0,3,3,0.0,3,normal
95.0,cluster_20299832_527734964_537784305,0,38.0,33.0,0,0.0,0.0,1,1,10.0,2,normal
95.0,cluster_2418681455_3772654578,0,82.0,77.0,0,0.0,0.0,1,1,0.0,1,normal
95.0,cluster_3260618602_389365,0,42.0,37.0,0,0.0,0.0,2,2,10.0,3,normal
95.0,cluster_336173796_389292,0,38.0,33.0,0,0.0,0.0,4,4,10.0,8,normal
95.0,cluster_3451922931_3621526491_5301585467_5301585472,0,82.0,77.0,0,0.0,0.0,2,2,0.0,2,normal
95.0,cluster_389364_5403869166,0,82.0,77.0,0,0.0,0.0,3,3,0.0,3,normal
95.0,cluster_5300250112_5301488754,0,42.0,37.0,0,0.0,0.0,2,2,10.0,3,normal
100.0,1294004372,0,82.0,72.0,0,0.0,0.0,2,2,0.0,2,starvation
100.0,1396454306,0,60.0,18.0,1,0.5,34.5,1,1,45.0,2,green_waste
100.0,20447270,0,45.0,8.0,4,1.75,84.0,2,2,40.0,4,demand_imbalance
100.0,2365997447,0,82.0,72.0,0,0.0,0.0,1,1,0.0,1,normal
100.0,26867633,0,42.0,32.0,0,0.0,0.0,2,2,15.0,3,normal
100.0,26867646,0,82.0,72.0,0,0.0,0.0,3,3,0.0,3,normal
100.0,2892088923,0,82.0,72.0,0,0.0,0.0,2,2,0.0,2,normal
100.0,3451922932,0,42.0,32.0,0,0.0,0.0,1,1,15.0,3,normal
100.0,3451922950,0,82.0,72.0,0,0.0,0.0,2,2,0.0,2,normal
100.0,3594514234,0,82.0,72.0,0,0.0,0.0,2,2,0.0,2,normal
100.0,3621526490,0,82.0,72.0,0,0.0,0.0,2,2,0.0,2,normal
100.0,5029099782,0,42.0,32.0,0,0.0,0.0,1,1,0.0,1,normal
100.0,511114288,0,82.0,72.0,0,0.0,0.0,2,2,0.0,2,normal
100.0,5300228178,0,82.0,72.0,0,0.0,0.0,2,2,0.0,2,normal
100.0,5300250107,0,82.0,72.0,0,0.0,0.0,2,2,0.0,2,normal
100.0,5300250108,0,82.0,72.0,0,0.0,0.0,2,2,0.0,2,normal
100.0,5301488751,0,82.0,72.0,0,0.0,0.0,2,2,0.0,2,normal
100.0,659815,0,42.0,32.0,1,0.25,0.5,3,3,15.0,4,normal
100.0,710547269,0,24.0,14.0,1,0.29,30.0,4,2,50.0,7,normal
100.0,cluster_1277707259_1415538921_668804488,0,42.0,32.0,1,0.25,4.0,2,2,15.0,4,normal
100.0,cluster_1294004359_1294004382,0,42.0,32.0,0,0.0,0.0,3,3,0.0,3,normal
100.0,cluster_20299832_527734964_537784305,0,38.0,28.0,0,0.0,0.0,1,1,15.0,2,normal
100.0,cluster_2418681455_3772654578,0,82.0,72.0,0,0.0,0.0,1,1,0.0,1,normal
100.0,cluster_3260618602_389365,0,42.0,32.0,0,0.0,0.0,2,2,15.0,3,normal
100.0,cluster_336173796_389292,0,38.0,28.0,0,0.0,0.0,4,4,15.0,8,normal
100.0,cluster_3451922931_3621526491_5301585467_5301585472,0,82.0,72.0,0,0.0,0.0,2,2,0.0,2,normal
100.0,cluster_389364_5403869166,0,82.0,72.0,0,0.0,0.0,3,3,0.0,3,normal
100.0,cluster_5300250112_5301488754,0,42.0,32.0,0,0.0,0.0,2,2,15.0,3,normal
105.0,1294004372,0,82.0,67.0,0,0.0,0.0,2,2,0.0,2,starvation
105.0,1396454306,0,60.0,13.0,1,0.5,39.5,1,1,50.0,2,green_waste
105.0,20447270,0,45.0,3.0,4,1.75,104.0,2,2,45.0,4,demand_imbalance
105.0,2365997447,0,82.0,67.0,0,0.0,0.0,1,1,0.0,1,normal
105.0,26867633,0,42.0,27.0,0,0.0,0.0,2,2,20.0,3,normal
105.0,26867646,0,82.0,67.0,0,0.0,0.0,3,3,0.0,3,normal
105.0,2892088923,0,82.0,67.0,0,0.0,0.0,2,2,0.0,2,normal
105.0,3451922932,0,42.0,27.0,1,0.33,2.0,1,1,20.0,3,normal
105.0,3451922950,0,82.0,67.0,0,0.0,0.0,2,2,0.0,2,normal
105.0,3594514234,0,82.0,67.0,0,0.0,0.0,2,2,0.0,2,normal
105.0,3621526490,0,82.0,67.0,0,0.0,0.0,2,2,0.0,2,normal
105.0,5029099782,0,42.0,27.0,0,0.0,0.0,1,1,0.0,1,normal
105.0,511114288,0,82.0,67.0,0,0.0,0.0,2,2,0.0,2,normal
105.0,5300228178,0,82.0,67.0,0,0.0,0.0,2,2,0.0,2,normal
105.0,5300250107,0,82.0,67.0,0,0.0,0.0,2,2,0.0,2,normal
105.0,5300250108,0,82.0,67.0,0,0.0,0.0,2,2,0.0,2,normal
105.0,5301488751,0,82.0,67.0,0,0.0,0.0,2,2,0.0,2,normal
105.0,659815,0,42.0,27.0,1,0.25,5.5,3,3,20.0,4,normal
105.0,710547269,0,24.0,9.0,1,0.29,35.0,4,2,55.0,7,normal
105.0,cluster_1277707259_1415538921_668804488,0,42.0,27.0,1,0.25,9.0,2,2,20.0,4,normal
105.0,cluster_1294004359_1294004382,0,42.0,27.0,0,0.0,0.0,3,3,0.0,3,normal
105.0,cluster_20299832_527734964_537784305,0,38.0,23.0,0,0.0,0.0,1,1,20.0,2,normal
105.0,cluster_2418681455_3772654578,0,82.0,67.0,0,0.0,0.0,1,1,0.0,1,normal
105.0,cluster_3260618602_389365,0,42.0,27.0,0,0.0,0.0,2,2,20.0,3,normal
105.0,cluster_336173796_389292,0,38.0,23.0,0,0.0,0.0,4,4,20.0,8,normal
105.0,cluster_3451922931_3621526491_5301585467_5301585472,0,82.0,67.0,0,0.0,0.0,2,2,0.0,2,normal
105.0,cluster_389364_5403869166,0,82.0,67.0,0,0.0,0.0,3,3,0.0,3,normal
105.0,cluster_5300250112_5301488754,0,42.0,27.0,0,0.0,0.0,2,2,20.0,3,normal
110.0,1294004372,0,82.0,62.0,0,0.0,0.0,2,2,0.0,2,starvation
110.0,1396454306,0,60.0,8.0,1,0.5,44.5,1,1,55.0,2,green_waste
110.0,20447270,1,3.0,1.0,5,2.0,125.0,0,0,50.0,4,demand_imbalance
110.0,2365997447,0,82.0,62.0,0,0.0,0.0,1,1,0.0,1,normal
110.0,26867633,0,42.0,22.0,1,0.33,4.5,2,2,25.0,3,normal
110.0,26867646,0,82.0,62.0,0,0.0,0.0,3,3,0.0,3,normal
110.0,2892088923,0,82.0,62.0,0,0.0,0.0,2,2,0.0,2,normal
110.0,3451922932,0,42.0,22.0,1,0.33,7.0,1,1,25.0,3,normal
110.0,3451922950,0,82.0,62.0,0,0.0,0.0,2,2,0.0,2,normal
110.0,3594514234,0,82.0,62.0,0,0.0,0.0,2,2,0.0,2,normal
110.0,3621526490,0,82.0,62.0,0,0.0,0.0,2,2,0.0,2,normal
110.0,5029099782,0,42.0,22.0,0,0.0,0.0,1,1,0.0,1,normal
110.0,511114288,0,82.0,62.0,0,0.0,0.0,2,2,0.0,2,normal
110.0,5300228178,0,82.0,62.0,0,0.0,0.0,2,2,0.0,2,normal
110.0,5300250107,0,82.0,62.0,0,0.0,0.0,2,2,0.0,2,normal
110.0,5300250108,0,82.0,62.0,0,0.0,0.0,2,2,0.0,2,normal
110.0,5301488751,0,82.0,62.0,0,0.0,0.0,2,2,0.0,2,normal
110.0,659815,0,42.0,22.0,3,0.75,14.0,3,3,25.0,4,normal
110.0,710547269,0,24.0,4.0,1,0.29,40.0,4,2,60.0,7,normal
110.0,cluster_1277707259_1415538921_668804488,0,42.0,22.0,1,0.25,14.0,2,2,25.0,4,normal
110.0,cluster_1294004359_1294004382,0,42.0,22.0,0,0.0,0.0,3,3,0.0,3,normal
110.0,cluster_20299832_527734964_537784305,0,38.0,18.0,0,0.0,0.0,1,1,25.0,2,normal
110.0,cluster_2418681455_3772654578,0,82.0,62.0,0,0.0,0.0,1,1,0.0,1,normal
110.0,cluster_3260618602_389365,0,42.0,22.0,0,0.0,0.0,2,2,25.0,3,normal
110.0,cluster_336173796_389292,0,38.0,18.0,0,0.0,0.0,4,4,25.0,8,normal
110.0,cluster_3451922931_3621526491_5301585467_5301585472,0,82.0,62.0,0,0.0,0.0,2,2,0.0,2,normal
110.0,cluster_389364_5403869166,0,82.0,62.0,0,0.0,0.0,3,3,0.0,3,normal
110.0,cluster_5300250112_5301488754,0,42.0,22.0,0,0.0,0.0,2,2,25.0,3,normal
115.0,1294004372,0,82.0,57.0,0,0.0,0.0,2,2,0.0,2,starvation
115.0,1396454306,0,60.0,3.0,1,0.5,49.5,1,1,60.0,2,green_waste
115.0,20447270,2,15.0,11.0,0,0.0,0.0,2,2,10.0,4,demand_imbalance
115.0,2365997447,0,82.0,57.0,0,0.0,0.0,1,1,0.0,1,normal
115.0,26867633,0,42.0,17.0,2,0.67,13.5,2,2,30.0,3,normal
115.0,26867646,0,82.0,57.0,0,0.0,0.0,3,3,0.0,3,normal
115.0,2892088923,0,82.0,57.0,0,0.0,0.0,2,2,0.0,2,normal
115.0,3451922932,0,42.0,17.0,1,0.33,12.0,1,1,30.0,3,normal
115.0,3451922950,0,82.0,57.0,0,0.0,0.0,2,2,0.0,2,normal
115.0,3594514234,0,82.0,57.0,0,0.0,0.0,2,2,0.0,2,normal
115.0,3621526490,0,82.0,57.0,0,0.0,0.0,2,2,0.0,2,normal
115.0,5029099782,0,42.0,17.0,0,0.0,0.0,1,1,0.0,1,normal
115.0,511114288,0,82.0,57.0,0,0.0,0.0,2,2,0.0,2,normal
115.0,5300228178,0,82.0,57.0,0,0.0,0.0,2,2,0.0,2,normal
115.0,5300250107,0,82.0,57.0,0,0.0,0.0,2,2,0.0,2,normal
115.0,5300250108,0,82.0,57.0,0,0.0,0.0,2,2,0.0,2,normal
115.0,5301488751,0,82.0,57.0,0,0.0,0.0,2,2,0.0,2,normal
115.0,659815,0,42.0,17.0,3,0.75,29.0,3,3,30.0,4,normal
115.0,710547269,1,3.0,2.0,1,0.43,45.0,0,0,65.0,7,normal
115.0,cluster_1277707259_1415538921_668804488,0,42.0,17.0,1,0.25,19.0,2,2,30.0,4,normal
115.0,cluster_1294004359_1294004382,0,42.0,17.0,0,0.0,0.0,3,3,0.0,3,normal
115.0,cluster_20299832_527734964_537784305,0,38.0,13.0,0,0.0,0.0,1,1,30.0,2,normal
115.0,cluster_2418681455_3772654578,0,82.0,57.0,0,0.0,0.0,1,1,0.0,1,normal
115.0,cluster_3260618602_389365,0,42.0,17.0,1,0.33,1.0,2,2,30.0,3,normal
115.0,cluster_336173796_389292,0,38.0,13.0,1,0.12,4.0,4,4,30.0,8,normal
115.0,cluster_3451922931_3621526491_5301585467_5301585472,0,82.0,57.0,0,0.0,0.0,2,2,0.0,2,normal
115.0,cluster_389364_5403869166,0,82.0,57.0,0,0.0,0.0,3,3,0.0,3,normal
115.0,cluster_5300250112_5301488754,0,42.0,17.0,0,0.0,0.0,2,2,30.0,3,normal
120.0,1294004372,0,82.0,52.0,0,0.0,0.0,2,2,0.0,2,starvation
120.0,1396454306,1,3.0,1.0,1,0.5,54.5,0,0,65.0,2,green_waste
120.0,20447270,2,15.0,6.0,3,1.0,6.5,2,1,15.0,4,demand_imbalance
120.0,2365997447,0,82.0,52.0,0,0.0,0.0,1,1,0.0,1,normal
120.0,26867633,0,42.0,12.0,2,0.67,23.5,2,2,35.0,3,normal
120.0,26867646,0,82.0,52.0,0,0.0,0.0,3,3,0.0,3,normal
120.0,2892088923,0,82.0,52.0,0,0.0,0.0,2,2,0.0,2,normal
120.0,3451922932,0,42.0,12.0,1,0.33,17.0,1,1,35.0,3,normal
120.0,3451922950,0,82.0,52.0,0,0.0,0.0,2,2,0.0,2,normal
120.0,3594514234,0,82.0,52.0,0,0.0,0.0,2,2,0.0,2,normal
120.0,3621526490,0,82.0,52.0,0,0.0,0.0,2,2,0.0,2,normal
120.0,5029099782,0,42.0,12.0,0,0.0,0.0,1,1,0.0,1,normal
120.0,511114288,0,82.0,52.0,0,0.0,0.0,2,2,0.0,2,normal
120.0,5300228178,0,82.0,52.0,0,0.0,0.0,2,2,0.0,2,normal
120.0,5300250107,0,82.0,52.0,0,0.0,0.0,2,2,0.0,2,normal
120.0,5300250108,0,82.0,52.0,0,0.0,0.0,2,2,0.0,2,normal
120.0,5301488751,0,82.0,52.0,0,0.0,0.0,2,2,0.0,2,normal
120.0,659815,0,42.0,12.0,3,0.75,44.0,3,3,35.0,4,normal
120.0,710547269,2,24.0,21.0,1,0.14,24.0,4,4,35.0,7,normal
120.0,cluster_1277707259_1415538921_668804488,0,42.0,12.0,1,0.25,24.0,2,2,35.0,4,normal
120.0,cluster_1294004359_1294004382,0,42.0,12.0,0,0.0,0.0,3,3,0.0,3,normal
120.0,cluster_20299832_527734964_537784305,0,38.0,8.0,0,0.0,0.0,1,1,35.0,2,normal
120.0,cluster_2418681455_3772654578,0,82.0,52.0,0,0.0,0.0,1,1,0.0,1,normal
120.0,cluster_3260618602_389365,0,42.0,12.0,1,0.33,6.0,2,2,35.0,3,normal
120.0,cluster_336173796_389292,0,38.0,8.0,1,0.12,9.0,4,4,35.0,8,normal
120.0,cluster_3451922931_3621526491_5301585467_5301585472,0,82.0,52.0,0,0.0,0.0,2,2,0.0,2,normal
120.0,cluster_389364_5403869166,0,82.0,52.0,0,0.0,0.0,3,3,0.0,3,normal
120.0,cluster_5300250112_5301488754,0,42.0,12.0,0,0.0,0.0,2,2,35.0,3,normal
125.0,1294004372,0,82.0,47.0,0,0.0,0.0,2,2,0.0,2,starvation
125.0,1396454306,2,10.0,6.0,0,0.0,0.0,1,1,10.0,2,green_waste
125.0,20447270,2,15.0,1.0,2,0.5,13.5,2,2,20.0,4,demand_imbalance
125.0,2365997447,0,82.0,47.0,0,0.0,0.0,1,1,0.0,1,normal
125.0,26867633,0,42.0,7.0,3,1.0,35.5,2,2,40.0,3,normal
125.0,26867646,0,82.0,47.0,0,0.0,0.0,3,3,0.0,3,normal
125.0,2892088923,0,82.0,47.0,0,0.0,0.0,2,2,0.0,2,normal
125.0,3451922932,0,42.0,7.0,2,0.67,23.0,1,1,40.0,3,normal
125.0,3451922950,0,82.0,47.0,0,0.0,0.0,2,2,0.0,2,normal
125.0,3594514234,0,82.0,47.0,0,0.0,0.0,2,2,0.0,2,normal
125.0,3621526490,0,82.0,47.0,0,0.0,0.0,2,2,0.0,2,normal
125.0,5029099782,0,42.0,7.0,0,0.0,0.0,1,1,0.0,1,normal
125.0,511114288,0,82.0,47.0,0,0.0,0.0,2,2,0.0,2,normal
125.0,5300228178,0,82.0,47.0,0,0.0,0.0,2,2,0.0,2,normal
125.0,5300250107,0,82.0,47.0,0,0.0,0.0,2,2,0.0,2,normal
125.0,5300250108,0,82.0,47.0,0,0.0,0.0,2,2,0.0,2,normal
125.0,5301488751,0,82.0,47.0,0,0.0,0.0,2,2,0.0,2,normal
125.0,659815,0,42.0,7.0,3,1.0,59.0,3,2,40.0,4,normal
125.0,710547269,2,24.0,16.0,1,0.14,29.0,4,4,40.0,7,normal
125.0,cluster_1277707259_1415538921_668804488,0,42.0,7.0,2,0.75,29.5,2,2,40.0,4,normal
125.0,cluster_1294004359_1294004382,0,42.0,7.0,0,0.0,0.0,3,3,0.0,3,normal
125.0,cluster_20299832_527734964_537784305,0,38.0,3.0,0,0.0,0.0,1,1,40.0,2,normal
125.0,cluster_2418681455_3772654578,0,82.0,47.0,0,0.0,0.0,1,1,0.0,1,normal
125.0,cluster_3260618602_389365,0,42.0,7.0,2,0.67,14.5,2,2,40.0,3,normal
125.0,cluster_336173796_389292,0,38.0,3.0,1,0.12,14.0,4,4,40.0,8,normal
125.0,cluster_3451922931_3621526491_5301585467_5301585472,0,82.0,47.0,0,0.0,0.0,2,2,0.0,2,normal
125.0,cluster_389364_5403869166,0,82.0,47.0,0,0.0,0.0,3,3,0.0,3,normal
125.0,cluster_5300250112_5301488754,0,42.0,7.0,0,0.0,0.0,2,2,40.0,3,normal
130.0,1294004372,0,82.0,42.0,0,0.0,0.0,2,2,0.0,2,starvation
130.0,1396454306,2,10.0,1.0,0,0.0,0.0,1,1,15.0,2,green_waste
130.0,20447270,0,45.0,44.0,1,0.5,3.5,2,1,5.0,4,demand_imbalance
130.0,2365997447,0,82.0,42.0,0,0.0,0.0,1,1,0.0,1,normal
130.0,26867633,0,42.0,2.0,3,1.0,50.5,2,2,45.0,3,normal
130.0,26867646,0,82.0,42.0,0,0.0,0.0,3,3,0.0,3,normal
130.0,2892088923,0,82.0,42.0,0,0.0,0.0,2,2,0.0,2,normal
130.0,3451922932,0,42.0,2.0,2,0.67,33.0,1,1,45.0,3,normal
130.0,3451922950,0,82.0,42.0,0,0.0,0.0,2,2,0.0,2,normal
130.0,3594514234,0,82.0,42.0,0,0.0,0.0,2,2,0.0,2,normal
130.0,3621526490,0,82.0,42.0,1,0.5,2.5,2,1,0.0,2,normal
130.0,5029099782,0,42.0,2.0,0,0.0,0.0,1,1,0.0,1,normal
130.0,511114288,0,82.0,42.0,0,0.0,0.0,2,2,0.0,2,normal
130.0,5300228178,0,82.0,42.0,0,0.0,0.0,2,2,0.0,2,normal
130.0,5300250107,0,82.0,42.0,0,0.0,0.0,2,2,0.0,2,normal
130.0,5300250108,0,82.0,42.0,0,0.0,0.0,2,2,0.0,2,normal
130.0,5301488751,0,82.0,42.0,0,0.0,0.0,2,2,0.0,2,normal
130.0,659815,0,42.0,2.0,3,0.75,74.0,3,3,45.0,4,normal
130.0,710547269,2,24.0,11.0,1,0.14,34.0,4,4,45.0,7,normal
130.0,cluster_1277707259_1415538921_668804488,0,42.0,2.0,2,0.75,39.5,2,2,45.0,4,normal
130.0,cluster_1294004359_1294004382,0,42.0,2.0,0,0.0,0.0,3,3,0.0,3,normal
130.0,cluster_20299832_527734964_537784305,1,3.0,1.0,0,0.0,0.0,0,0,45.0,2,normal
130.0,cluster_2418681455_3772654578,0,82.0,42.0,0,0.0,0.0,1,1,0.0,1,normal
130.0,cluster_3260618602_389365,0,42.0,2.0,2,0.67,24.5,2,2,45.0,3,normal
130.0,cluster_336173796_389292,1,3.0,1.0,1,0.12,19.0,1,1,45.0,8,normal
130.0,cluster_3451922931_3621526491_5301585467_5301585472,0,82.0,42.0,0,0.0,0.0,2,2,0.0,2,normal
130.0,cluster_389364_5403869166,0,82.0,42.0,0,0.0,0.0,3,3,0.0,3,normal
130.0,cluster_5300250112_5301488754,0,42.0,2.0,0,0.0,0.0,2,2,45.0,3,normal
135.0,1294004372,0,82.0,37.0,0,0.0,0.0,2,2,0.0,2,starvation
135.0,1396454306,0,60.0,59.0,0,0.0,0.0,1,1,5.0,2,green_waste
135.0,20447270,0,45.0,39.0,4,1.0,18.5,2,2,10.0,4,demand_imbalance
135.0,2365997447,0,82.0,37.0,0,0.0,0.0,1,1,0.0,1,normal
135.0,26867633,1,3.0,0.0,3,1.0,65.5,0,0,50.0,3,normal
135.0,26867646,0,82.0,37.0,0,0.0,0.0,3,3,0.0,3,normal
135.0,2892088923,0,82.0,37.0,0,0.0,0.0,2,2,0.0,2,normal
135.0,3451922932,1,3.0,0.0,2,0.67,43.0,0,0,50.0,3,normal
135.0,3451922950,0,82.0,37.0,0,0.0,0.0,2,2,0.0,2,normal
135.0,3594514234,0,82.0,37.0,0,0.0,0.0,2,2,0.0,2,normal
135.0,3621526490,0,82.0,37.0,1,0.5,7.5,2,1,0.0,2,normal
135.0,5029099782,1,3.0,0.0,0,0.0,0.0,0,0,5.0,1,normal
135.0,511114288,0,82.0,37.0,0,0.0,0.0,2,2,0.0,2,normal
135.0,5300228178,0,82.0,37.0,0,0.0,0.0,2,2,0.0,2,normal
135.0,5300250107,0,82.0,37.0,0,0.0,0.0,2,2,0.0,2,normal
135.0,5300250108,0,82.0,37.0,0,0.0,0.0,2,2,0.0,2,normal
135.0,5301488751,0,82.0,37.0,0,0.0,0.0,2,2,0.0,2,normal
135.0,659815,1,3.0,0.0,3,0.75,89.0,0,0,50.0,4,normal
135.0,710547269,2,24.0,6.0,1,0.14,39.0,4,4,50.0,7,normal
135.0,cluster_1277707259_1415538921_668804488,1,3.0,0.0,3,1.25,54.5,0,0,50.0,4,normal
135.0,cluster_1294004359_1294004382,1,3.0,0.0,0,0.0,0.0,0,0,5.0,3,normal
135.0,cluster_20299832_527734964_537784305,2,6.0,2.0,0,0.0,0.0,0,0,50.0,2,normal
135.0,cluster_2418681455_3772654578,0,82.0,37.0,0,0.0,0.0,1,1,0.0,1,normal
135.0,cluster_3260618602_389365,1,3.0,0.0,2,0.67,34.5,0,0,50.0,3,normal
135.0,cluster_336173796_389292,2,6.0,2.0,1,0.12,24.0,2,2,50.0,8,normal
135.0,cluster_3451922931_3621526491_5301585467_5301585472,0,82.0,37.0,0,0.0,0.0,2,2,0.0,2,normal
135.0,cluster_389364_5403869166,0,82.0,37.0,0,0.0,0.0,3,3,0.0,3,normal
135.0,cluster_5300250112_5301488754,1,3.0,0.0,1,0.33,1.5,0,0,50.0,3,normal
140.0,1294004372,0,82.0,32.0,0,0.0,0.0,2,2,0.0,2,starvation
140.0,1396454306,0,60.0,54.0,0,0.0,0.0,1,1,10.0,2,green_waste
140.0,20447270,0,45.0,34.0,6,1.5,44.0,2,2,15.0,4,demand_imbalance
140.0,2365997447,0,82.0,32.0,0,0.0,0.0,1,1,0.0,1,normal
140.0,26867633,2,42.0,37.0,1,0.33,0.5,2,2,10.0,3,normal
140.0,26867646,0,82.0,32.0,0,0.0,0.0,3,3,0.0,3,normal
140.0,2892088923,0,82.0,32.0,0,0.0,0.0,2,2,0.0,2,normal
140.0,3451922932,2,42.0,37.0,0,0.0,0.0,2,2,10.0,3,normal
140.0,3451922950,0,82.0,32.0,0,0.0,0.0,2,2,0.0,2,normal
140.0,3594514234,0,82.0,32.0,0,0.0,0.0,2,2,0.0,2,normal
140.0,3621526490,0,82.0,32.0,0,0.0,0.0,2,2,0.0,2,normal
140.0,5029099782,2,42.0,37.0,0,0.0,0.0,0,0,10.0,1,normal
140.0,511114288,0,82.0,32.0,0,0.0,0.0,2,2,0.0,2,normal
140.0,5300228178,0,82.0,32.0,0,0.0,0.0,2,2,0.0,2,normal
140.0,5300250107,0,82.0,32.0,0,0.0,0.0,2,2,0.0,2,normal
140.0,5300250108,0,82.0,32.0,0,0.0,0.0,2,2,0.0,2,normal
140.0,5301488751,0,82.0,32.0,0,0.0,0.0,2,2,0.0,2,normal
140.0,659815,2,42.0,37.0,1,0.25,3.5,1,1,10.0,4,normal
140.0,710547269,2,24.0,1.0,1,0.29,44.0,4,4,55.0,7,normal
140.0,cluster_1277707259_1415538921_668804488,2,42.0,37.0,1,0.25,1.5,2,1,10.0,4,normal
140.0,cluster_1294004359_1294004382,2,42.0,37.0,0,0.0,0.0,3,3,0.0,3,normal
140.0,cluster_20299832_527734964_537784305,3,3.0,0.0,0,0.0,0.0,0,0,55.0,2,normal
140.0,cluster_2418681455_3772654578,0,82.0,32.0,0,0.0,0.0,1,1,0.0,1,normal
140.0,cluster_3260618602_389365,2,42.0,37.0,0,0.0,0.0,2,2,10.0,3,normal
140.0,cluster_336173796_389292,3,3.0,0.0,1,0.12,29.0,0,0,55.0,8,normal
140.0,cluster_3451922931_3621526491_5301585467_5301585472,0,82.0,32.0,0,0.0,0.0,2,2,0.0,2,normal
140.0,cluster_389364_5403869166,0,82.0,32.0,0,0.0,0.0,3,3,0.0,3,normal
140.0,cluster_5300250112_5301488754,2,42.0,37.0,0,0.0,0.0,2,2,10.0,3,normal
145.0,1294004372,0,82.0,27.0,0,0.0,0.0,2,2,0.0,2,starvation
145.0,1396454306,0,60.0,49.0,0,0.0,0.0,1,1,15.0,2,green_waste
145.0,20447270,0,45.0,29.0,6,1.75,74.0,2,2,20.0,4,demand_imbalance
145.0,2365997447,0,82.0,27.0,0,0.0,0.0,1,1,0.0,1,normal
145.0,26867633,2,42.0,32.0,1,0.67,5.5,2,1,15.0,3,normal
145.0,26867646,0,82.0,27.0,0,0.0,0.0,3,3,0.0,3,normal
145.0,2892088923,0,82.0,27.0,0,0.0,0.0,2,2,0.0,2,normal
145.0,3451922932,2,42.0,32.0,0,0.0,0.0,2,2,15.0,3,normal
145.0,3451922950,0,82.0,27.0,0,0.0,0.0,2,2,0.0,2,normal
145.0,3594514234,0,82.0,27.0,0,0.0,0.0,2,2,0.0,2,normal
145.0,3621526490,0,82.0,27.0,0,0.0,0.0,2,2,0.0,2,normal
145.0,5029099782,2,42.0,32.0,0,0.0,0.0,0,0,15.0,1,normal
145.0,511114288,0,82.0,27.0,0,0.0,0.0,2,2,0.0,2,normal
145.0,5300228178,0,82.0,27.0,0,0.0,0.0,2,2,0.0,2,normal
145.0,5300250107,0,82.0,27.0,0,0.0,0.0,2,2,0.0,2,normal
145.0,5300250108,0,82.0,27.0,0,0.0,0.0,2,2,0.0,2,normal
145.0,5301488751,0,82.0,27.0,0,0.0,0.0,2,2,0.0,2,normal
145.0,659815,2,42.0,32.0,1,0.25,8.5,1,1,15.0,4,normal
145.0,710547269,4,6.0,5.0,1,0.29,49.0,1,1,60.0,7,normal
145.0,cluster_1277707259_1415538921_668804488,2,42.0,32.0,1,0.25,6.5,2,1,15.0,4,normal
145.0,cluster_1294004359_1294004382,2,42.0,32.0,0,0.0,0.0,3,3,0.0,3,normal
145.0,cluster_20299832_527734964_537784305,4,37.0,32.0,0,0.0,0.0,1,1,20.0,2,normal
145.0,cluster_2418681455_3772654578,0,82.0,27.0,0,0.0,0.0,1,1,0.0,1,normal
145.0,cluster_3260618602_389365,2,42.0,32.0,0,0.0,0.0,2,2,15.0,3,normal
145.0,cluster_336173796_389292,4,37.0,32.0,0,0.0,0.0,4,4,20.0,8,normal
145.0,cluster_3451922931_3621526491_5301585467_5301585472,0,82.0,27.0,0,0.0,0.0,2,2,0.0,2,normal
145.0,cluster_389364_5403869166,0,82.0,27.0,0,0.0,0.0,3,3,0.0,3,normal
145.0,cluster_5300250112_5301488754,2,42.0,32.0,0,0.0,0.0,2,2,15.0,3,normal
150.0,1294004372,0,82.0,22.0,0,0.0,0.0,2,2,0.0,2,starvation
150.0,1396454306,0,60.0,44.0,0,0.0,0.0,1,1,20.0,2,green_waste
150.0,20447270,0,45.0,24.0,6,1.75,104.0,2,2,25.0,4,demand_imbalance
150.0,2365997447,0,82.0,22.0,0,0.0,0.0,1,1,0.0,1,normal
150.0,26867633,2,42.0,27.0,2,1.0,12.5,2,1,20.0,3,normal
150.0,26867646,0,82.0,22.0,0,0.0,0.0,3,3,0.0,3,normal
150.0,2892088923,0,82.0,22.0,0,0.0,0.0,2,2,0.0,2,normal
150.0,3451922932,2,42.0,27.0,0,0.0,0.0,2,2,20.0,3,normal
150.0,3451922950,0,82.0,22.0,0,0.0,0.0,2,2,0.0,2,normal
150.0,3594514234,0,82.0,22.0,0,0.0,0.0,2,2,0.0,2,normal
150.0,3621526490,0,82.0,22.0,0,0.0,0.0,2,2,0.0,2,normal
150.0,5029099782,2,42.0,27.0,0,0.0,0.0,0,0,20.0,1,normal
150.0,511114288,0,82.0,22.0,0,0.0,0.0,2,2,0.0,2,normal
150.0,5300228178,0,82.0,22.0,0,0.0,0.0,2,2,0.0,2,normal
150.0,5300250107,0,82.0,22.0,0,0.0,0.0,2,2,0.0,2,normal
150.0,5300250108,0,82.0,22.0,0,0.0,0.0,2,2,0.0,2,normal
150.0,5301488751,0,82.0,22.0,0,0.0,0.0,2,2,0.0,2,normal
150.0,659815,2,42.0,27.0,1,0.5,13.5,1,1,20.0,4,normal
150.0,710547269,4,6.0,0.0,1,0.29,54.0,1,1,65.0,7,normal
150.0,cluster_1277707259_1415538921_668804488,2,42.0,27.0,1,0.25,5.0,2,2,20.0,4,normal
150.0,cluster_1294004359_1294004382,2,42.0,27.0,0,0.0,0.0,3,3,0.0,3,normal
150.0,cluster_20299832_527734964_537784305,4,37.0,27.0,0,0.0,0.0,1,1,25.0,2,normal
150.0,cluster_2418681455_3772654578,0,82.0,22.0,0,0.0,0.0,1,1,0.0,1,normal
150.0,cluster_3260618602_389365,2,42.0,27.0,0,0.0,0.0,2,2,20.0,3,normal
150.0,cluster_336173796_389292,4,37.0,27.0,0,0.0,0.0,4,4,25.0,8,normal
150.0,cluster_3451922931_3621526491_5301585467_5301585472,0,82.0,22.0,0,0.0,0.0,2,2,0.0,2,normal
150.0,cluster_389364_5403869166,0,82.0,22.0,0,0.0,0.0,3,3,0.0,3,normal
150.0,cluster_5300250112_5301488754,2,42.0,27.0,0,0.0,0.0,2,2,20.0,3,normal
155.0,1294004372,0,82.0,17.0,0,0.0,0.0,2,2,0.0,2,starvation
155.0,1396454306,0,60.0,39.0,0,0.0,0.0,1,1,25.0,2,green_waste
155.0,20447270,0,45.0,19.0,6,1.75,134.0,2,2,30.0,4,demand_imbalance
155.0,2365997447,0,82.0,17.0,0,0.0,0.0,1,1,0.0,1,normal
155.0,26867633,2,42.0,22.0,2,1.0,22.5,2,1,25.0,3,normal
155.0,26867646,0,82.0,17.0,0,0.0,0.0,3,3,0.0,3,normal
155.0,2892088923,0,82.0,17.0,0,0.0,0.0,2,2,0.0,2,normal
155.0,3451922932,2,42.0,22.0,0,0.0,0.0,2,2,25.0,3,normal
155.0,3451922950,0,82.0,17.0,0,0.0,0.0,2,2,0.0,2,normal
155.0,3594514234,0,82.0,17.0,0,0.0,0.0,2,2,0.0,2,normal
155.0,3621526490,0,82.0,17.0,0,0.0,0.0,2,2,0.0,2,normal
155.0,5029099782,2,42.0,22.0,0,0.0,0.0,0,0,25.0,1,normal
155.0,511114288,0,82.0,17.0,0,0.0,0.0,2,2,0.0,2,normal
155.0,5300228178,0,82.0,17.0,0,0.0,0.0,2,2,0.0,2,normal
155.0,5300250107,0,82.0,17.0,0,0.0,0.0,2,2,0.0,2,normal
155.0,5300250108,0,82.0,17.0,0,0.0,0.0,2,2,0.0,2,normal
155.0,5301488751,0,82.0,17.0,0,0.0,0.0,2,2,0.0,2,normal
155.0,659815,2,42.0,22.0,1,0.5,18.5,1,1,25.0,4,normal
155.0,710547269,6,24.0,22.0,1,0.29,19.0,3,2,45.0,7,normal
155.0,cluster_1277707259_1415538921_668804488,2,42.0,22.0,1,0.25,10.0,2,2,25.0,4,normal
155.0,cluster_1294004359_1294004382,2,42.0,22.0,0,0.0,0.0,3,3,0.0,3,normal
155.0,cluster_20299832_527734964_537784305,4,37.0,22.0,0,0.0,0.0,1,1,30.0,2,normal
155.0,cluster_2418681455_3772654578,0,82.0,17.0,0,0.0,0.0,1,1,0.0,1,normal
155.0,cluster_3260618602_389365,2,42.0,22.0,0,0.0,0.0,2,2,25.0,3,normal
155.0,cluster_336173796_389292,4,37.0,22.0,0,0.0,0.0,4,4,30.0,8,normal
155.0,cluster_3451922931_3621526491_5301585467_5301585472,0,82.0,17.0,0,0.0,0.0,2,2,0.0,2,normal
155.0,cluster_389364_5403869166,0,82.0,17.0,0,0.0,0.0,3,3,0.0,3,normal
155.0,cluster_5300250112_5301488754,2,42.0,22.0,0,0.0,0.0,2,2,25.0,3,normal
160.0,1294004372,0,82.0,12.0,0,0.0,0.0,2,2,0.0,2,starvation
160.0,1396454306,0,60.0,34.0,0,0.0,0.0,1,1,30.0,2,green_waste
160.0,20447270,0,45.0,14.0,6,1.75,164.0,2,2,35.0,4,demand_imbalance
160.0,2365997447,0,82.0,12.0,0,0.0,0.0,1,1,0.0,1,normal
160.0,26867633,2,42.0,17.0,2,1.0,32.5,2,1,30.0,3,normal
160.0,26867646,0,82.0,12.0,0,0.0,0.0,3,3,0.0,3,normal
160.0,2892088923,0,82.0,12.0,0,0.0,0.0,2,2,0.0,2,normal
160.0,3451922932,2,42.0,17.0,0,0.0,0.0,2,2,30.0,3,normal
160.0,3451922950,0,82.0,12.0,0,0.0,0.0,2,2,0.0,2,normal
160.0,3594514234,0,82.0,12.0,0,0.0,0.0,2,2,0.0,2,normal
160.0,3621526490,0,82.0,12.0,0,0.0,0.0,2,2,0.0,2,normal
160.0,5029099782,2,42.0,17.0,0,0.0,0.0,0,0,30.0,1,normal
160.0,511114288,0,82.0,12.0,0,0.0,0.0,2,2,0.0,2,normal
160.0,5300228178,0,82.0,12.0,0,0.0,0.0,2,2,0.0,2,normal
160.0,5300250107,0,82.0,12.0,0,0.0,0.0,2,2,0.0,2,normal
160.0,5300250108,0,82.0,12.0,0,0.0,0.0,2,2,0.0,2,normal
160.0,5301488751,0,82.0,12.0,0,0.0,0.0,2,2,0.0,2,normal
160.0,659815,2,42.0,17.0,1,0.5,23.5,1,1,30.0,4,normal
160.0,710547269,6,24.0,17.0,1,0.43,24.0,3,2,50.0,7,normal
160.0,cluster_1277707259_1415538921_668804488,2,42.0,17.0,2,1.0,16.5,2,1,30.0,4,normal
160.0,cluster_1294004359_1294004382,2,42.0,17.0,0,0.0,0.0,3,3,0.0,3,normal
160.0,cluster_20299832_527734964_537784305,4,37.0,17.0,0,0.0,0.0,1,1,35.0,2,normal
160.0,cluster_2418681455_3772654578,0,82.0,12.0,0,0.0,0.0,1,1,0.0,1,normal
160.0,cluster_3260618602_389365,2,42.0,17.0,0,0.0,0.0,2,2,30.0,3,normal
160.0,cluster_336173796_389292,4,37.0,17.0,0,0.0,0.0,4,4,35.0,8,normal
160.0,cluster_3451922931_3621526491_5301585467_5301585472,0,82.0,12.0,0,0.0,0.0,2,2,0.0,2,normal
160.0,cluster_389364_5403869166,0,82.0,12.0,0,0.0,0.0,3,3,0.0,3,normal
160.0,cluster_5300250112_5301488754,2,42.0,17.0,0,0.0,0.0,2,2,30.0,3,normal
165.0,1294004372,0,82.0,7.0,0,0.0,0.0,2,2,0.0,2,starvation
165.0,1396454306,0,60.0,29.0,0,0.0,0.0,1,1,35.0,2,green_waste
165.0,20447270,0,45.0,9.0,7,2.25,198.0,2,2,40.0,4,demand_imbalance
165.0,2365997447,0,82.0,7.0,0,0.0,0.0,1,1,0.0,1,normal
165.0,26867633,2,42.0,12.0,3,1.33,43.0,2,1,35.0,3,normal
165.0,26867646,0,82.0,7.0,0,0.0,0.0,3,3,0.0,3,normal
165.0,2892088923,0,82.0,7.0,0,0.0,0.0,2,2,0.0,2,normal
165.0,3451922932,2,42.0,12.0,1,0.33,3.5,2,2,35.0,3,normal
165.0,3451922950,0,82.0,7.0,0,0.0,0.0,2,2,0.0,2,normal
165.0,3594514234,0,82.0,7.0,0,0.0,0.0,2,2,0.0,2,normal
165.0,3621526490,0,82.0,7.0,0,0.0,0.0,2,2,0.0,2,normal
165.0,5029099782,2,42.0,12.0,0,0.0,0.0,0,0,35.0,1,normal
165.0,511114288,0,82.0,7.0,0,0.0,0.0,2,2,0.0,2,normal
165.0,5300228178,0,82.0,7.0,0,0.0,0.0,2,2,0.0,2,normal
165.0,5300250107,0,82.0,7.0,0,0.0,0.0,2,2,0.0,2,normal
165.0,5300250108,0,82.0,7.0,0,0.0,0.0,2,2,0.0,2,normal
165.0,5301488751,0,82.0,7.0,0,0.0,0.0,2,2,0.0,2,normal
165.0,659815,2,42.0,12.0,2,0.75,30.5,1,1,35.0,4,normal
165.0,710547269,6,24.0,12.0,1,0.43,29.0,3,2,55.0,7,normal
165.0,cluster_1277707259_1415538921_668804488,2,42.0,12.0,2,0.75,26.5,2,2,35.0,4,normal
165.0,cluster_1294004359_1294004382,2,42.0,12.0,0,0.0,0.0,3,3,0.0,3,normal
165.0,cluster_20299832_527734964_537784305,4,37.0,12.0,0,0.0,0.0,1,1,40.0,2,normal
165.0,cluster_2418681455_3772654578,0,82.0,7.0,0,0.0,0.0,1,1,0.0,1,normal
165.0,cluster_3260618602_389365,2,42.0,12.0,0,0.0,0.0,2,2,35.0,3,normal
165.0,cluster_336173796_389292,4,37.0,12.0,0,0.0,0.0,4,4,40.0,8,normal
165.0,cluster_3451922931_3621526491_5301585467_5301585472,0,82.0,7.0,0,0.0,0.0,2,2,0.0,2,normal
165.0,cluster_389364_5403869166,0,82.0,7.0,0,0.0,0.0,3,3,0.0,3,normal
165.0,cluster_5300250112_5301488754,2,42.0,12.0,0,0.0,0.0,2,2,35.0,3,normal
170.0,1294004372,0,82.0,2.0,0,0.0,0.0,2,2,0.0,2,starvation
170.0,1396454306,0,60.0,24.0,0,0.0,0.0,1,1,40.0,2,green_waste
170.0,20447270,0,45.0,4.0,7,2.25,233.0,2,2,45.0,4,demand_imbalance
170.0,2365997447,0,82.0,2.0,0,0.0,0.0,1,1,0.0,1,normal
170.0,26867633,2,42.0,7.0,3,1.33,58.0,2,1,40.0,3,normal
170.0,26867646,0,82.0,2.0,0,0.0,0.0,3,3,0.0,3,normal
170.0,2892088923,0,82.0,2.0,0,0.0,0.0,2,2,0.0,2,normal
170.0,3451922932,2,42.0,7.0,1,0.33,8.5,2,2,40.0,3,normal
170.0,3451922950,0,82.0,2.0,0,0.0,0.0,2,2,0.0,2,normal
170.0,3594514234,0,82.0,2.0,0,0.0,0.0,2,2,0.0,2,normal
170.0,3621526490,0,82.0,2.0,0,0.0,0.0,2,2,0.0,2,normal
170.0,5029099782,2,42.0,7.0,0,0.0,0.0,0,0,40.0,1,normal
170.0,511114288,0,82.0,2.0,0,0.0,0.0,2,2,0.0,2,normal
170.0,5300228178,0,82.0,2.0,0,0.0,0.0,2,2,0.0,2,normal
170.0,5300250107,0,82.0,2.0,0,0.0,0.0,2,2,0.0,2,normal
170.0,5300250108,0,82.0,2.0,0,0.0,0.0,2,2,0.0,2,normal
170.0,5301488751,0,82.0,2.0,0,0.0,0.0,2,2,0.0,2,normal
170.0,659815,2,42.0,7.0,2,0.75,40.5,1,1,40.0,4,normal
170.0,710547269,6,24.0,7.0,1,0.57,34.0,3,2,60.0,7,normal
170.0,cluster_1277707259_1415538921_668804488,2,42.0,7.0,2,0.75,36.5,2,2,40.0,4,normal
170.0,cluster_1294004359_1294004382,2,42.0,7.0,0,0.0,0.0,3,3,0.0,3,normal
170.0,cluster_20299832_527734964_537784305,4,37.0,7.0,0,0.0,0.0,1,1,45.0,2,normal
170.0,cluster_2418681455_3772654578,0,82.0,2.0,0,0.0,0.0,1,1,0.0,1,normal
170.0,cluster_3260618602_389365,2,42.0,7.0,0,0.0,0.0,2,2,40.0,3,normal
170.0,cluster_336173796_389292,4,37.0,7.0,0,0.0,0.0,4,4,45.0,8,normal
170.0,cluster_3451922931_3621526491_5301585467_5301585472,0,82.0,2.0,0,0.0,0.0,2,2,0.0,2,normal
170.0,cluster_389364_5403869166,0,82.0,2.0,0,0.0,0.0,3,3,0.0,3,normal
170.0,cluster_5300250112_5301488754,2,42.0,7.0,0,0.0,0.0,2,2,40.0,3,normal
175.0,1294004372,1,3.0,0.0,0,0.0,0.0,0,0,5.0,2,starvation
175.0,1396454306,0,60.0,19.0,0,0.0,0.0,1,1,45.0,2,green_waste
175.0,20447270,1,3.0,2.0,7,2.25,268.0,0,0,50.0,4,demand_imbalance
175.0,2365997447,1,3.0,0.0,0,0.0,0.0,0,0,5.0,1,normal
175.0,26867633,2,42.0,2.0,4,1.67,74.0,2,1,45.0,3,normal
175.0,26867646,1,3.0,0.0,0,0.0,0.0,0,0,5.0,3,normal
175.0,2892088923,1,3.0,0.0,0,0.0,0.0,0,0,5.0,2,normal
175.0,3451922932,2,42.0,2.0,2,0.67,18.5,2,2,45.0,3,normal
175.0,3451922950,1,3.0,0.0,0,0.0,0.0,0,0,5.0,2,normal
175.0,3594514234,1,3.0,0.0,0,0.0,0.0,0,0,5.0,2,normal
175.0,3621526490,1,3.0,0.0,0,0.0,0.0,0,0,5.0,2,normal
175.0,5029099782,2,42.0,2.0,1,1.0,4.0,0,0,45.0,1,normal
175.0,511114288,1,3.0,0.0,0,0.0,0.0,0,0,5.0,2,normal
175.0,5300228178,1,3.0,0.0,0,0.0,0.0,0,0,5.0,2,normal
175.0,5300250107,1,3.0,0.0,0,0.0,0.0,0,0,5.0,2,normal
175.0,5300250108,1,3.0,0.0,0,0.0,0.0,0,0,5.0,2,normal
175.0,5301488751,1,3.0,0.0,0,0.0,0.0,0,0,5.0,2,normal
175.0,659815,2,42.0,2.0,4,1.25,56.0,1,1,45.0,4,normal
175.0,710547269,6,24.0,2.0,1,0.57,39.0,3,2,65.0,7,normal
175.0,cluster_1277707259_1415538921_668804488,2,42.0,2.0,2,0.75,46.5,2,2,45.0,4,normal
175.0,cluster_1294004359_1294004382,2,42.0,2.0,0,0.0,0.0,3,3,0.0,3,normal
175.0,cluster_20299832_527734964_537784305,4,37.0,2.0,0,0.0,0.0,1,1,50.0,2,normal
175.0,cluster_2418681455_3772654578,1,3.0,0.0,0,0.0,0.0,0,0,5.0,1,normal
175.0,cluster_3260618602_389365,2,42.0,2.0,1,0.33,4.0,2,1,45.0,3,normal
175.0,cluster_336173796_389292,4,37.0,2.0,0,0.0,0.0,4,4,50.0,8,normal
175.0,cluster_3451922931_3621526491_5301585467_5301585472,1,3.0,0.0,0,0.0,0.0,0,0,5.0,2,normal
175.0,cluster_389364_5403869166,1,3.0,0.0,0,0.0,0.0,0,0,5.0,3,normal
175.0,cluster_5300250112_5301488754,2,42.0,2.0,0,0.0,0.0,2,2,45.0,3,normal
180.0,1294004372,2,5.0,0.0,0,0.0,0.0,0,0,10.0,2,starvation
180.0,1396454306,0,60.0,14.0,0,0.0,0.0,1,1,50.0,2,green_waste
180.0,20447270,2,15.0,12.0,2,0.75,59.5,2,1,10.0,4,demand_imbalance
180.0,2365997447,2,5.0,0.0,0,0.0,0.0,0,0,10.0,1,normal
180.0,26867633,3,3.0,0.0,4,1.67,94.0,0,0,50.0,3,normal
180.0,26867646,2,5.0,0.0,0,0.0,0.0,0,0,10.0,3,normal
180.0,2892088923,2,5.0,0.0,0,0.0,0.0,0,0,10.0,2,normal
180.0,3451922932,3,3.0,0.0,2,0.67,28.5,0,0,50.0,3,normal
180.0,3451922950,2,5.0,0.0,0,0.0,0.0,0,0,10.0,2,normal
180.0,3594514234,2,5.0,0.0,0,0.0,0.0,0,0,10.0,2,normal
180.0,3621526490,2,5.0,0.0,0,0.0,0.0,0,0,10.0,2,normal
180.0,5029099782,3,3.0,0.0,1,1.0,9.0,0,0,50.0,1,normal
180.0,511114288,2,5.0,0.0,1,0.5,3.5,0,0,10.0,2,normal
180.0,5300228178,2,5.0,0.0,1,0.5,5.0,0,0,10.0,2,normal
180.0,5300250107,2,5.0,0.0,0,0.0,0.0,0,0,10.0,2,normal
180.0,5300250108,2,5.0,0.0,0,0.0,0.0,0,0,10.0,2,normal
180.0,5301488751,2,5.0,0.0,1,0.5,2.5,0,0,10.0,2,normal
180.0,659815,3,3.0,0.0,4,1.25,76.0,0,0,50.0,4,normal
180.0,710547269,7,3.0,0.0,2,0.86,46.5,0,0,70.0,7,normal
180.0,cluster_1277707259_1415538921_668804488,3,3.0,0.0,2,0.75,56.5,0,0,50.0,4,normal
180.0,cluster_1294004359_1294004382,3,3.0,0.0,0,0.0,0.0,0,0,5.0,3,normal
180.0,cluster_20299832_527734964_537784305,5,3.0,0.0,1,0.5,1.5,0,0,55.0,2,normal
180.0,cluster_2418681455_3772654578,2,5.0,0.0,1,1.0,2.0,0,0,10.0,1,normal
180.0,cluster_3260618602_389365,3,3.0,0.0,1,0.67,9.0,0,0,50.0,3,normal
180.0,cluster_336173796_389292,5,3.0,0.0,0,0.0,0.0,0,0,55.0,8,normal
180.0,cluster_3451922931_3621526491_5301585467_5301585472,2,5.0,0.0,1,0.5,4.5,0,0,10.0,2,normal
180.0,cluster_389364_5403869166,2,5.0,0.0,1,0.33,5.0,0,0,10.0,3,normal
180.0,cluster_5300250112_5301488754,3,3.0,0.0,0,0.0,0.0,0,0,50.0,3,normal
185.0,1294004372,0,82.0,77.0,0,0.0,0.0,2,2,0.0,2,starvation
185.0,1396454306,0,60.0,9.0,0,0.0,0.0,1,1,55.0,2,green_waste
185.0,20447270,2,15.0,7.0,2,0.75,7.0,2,1,15.0,4,demand_imbalance
185.0,2365997447,0,82.0,77.0,0,0.0,0.0,1,1,0.0,1,normal
185.0,26867633,0,42.0,37.0,0,0.0,0.0,2,2,10.0,3,normal
185.0,26867646,0,82.0,77.0,0,0.0,0.0,3,3,0.0,3,normal
185.0,2892088923,0,82.0,77.0,0,0.0,0.0,2,2,0.0,2,normal
185.0,3451922932,0,42.0,37.0,0,0.0,0.0,1,1,10.0,3,normal
185.0,3451922950,0,82.0,77.0,0,0.0,0.0,2,2,0.0,2,normal
185.0,3594514234,0,82.0,77.0,0,0.0,0.0,2,2,0.0,2,normal
185.0,3621526490,0,82.0,77.0,0,0.0,0.0,2,2,0.0,2,normal
185.0,5029099782,0,42.0,37.0,0,0.0,0.0,1,1,0.0,1,normal
185.0,511114288,0,82.0,77.0,0,0.0,0.0,2,2,0.0,2,normal
185.0,5300228178,0,82.0,77.0,0,0.0,0.0,2,2,0.0,2,normal
185.0,5300250107,0,82.0,77.0,0,0.0,0.0,2,2,0.0,2,normal
185.0,5300250108,0,82.0,77.0,0,0.0,0.0,2,2,0.0,2,normal
185.0,5301488751,0,82.0,77.0,0,0.0,0.0,2,2,0.0,2,normal
185.0,659815,0,42.0,37.0,0,0.0,0.0,3,3,10.0,4,normal
185.0,710547269,0,24.0,19.0,2,0.71,38.5,4,3,45.0,7,normal
185.0,cluster_1277707259_1415538921_668804488,0,42.0,37.0,0,0.0,0.0,2,2,10.0,4,normal
185.0,cluster_1294004359_1294004382,0,42.0,37.0,0,0.0,0.0,3,3,0.0,3,normal
185.0,cluster_20299832_527734964_537784305,0,38.0,33.0,2,1.0,9.5,1,1,10.0,2,normal
185.0,cluster_2418681455_3772654578,0,82.0,77.0,0,0.0,0.0,1,1,0.0,1,normal
185.0,cluster_3260618602_389365,0,42.0,37.0,1,0.33,6.0,2,2,10.0,3,normal
185.0,cluster_336173796_389292,0,38.0,33.0,0,0.0,0.0,4,4,10.0,8,normal
185.0,cluster_3451922931_3621526491_5301585467_5301585472,0,82.0,77.0,0,0.0,0.0,2,2,0.0,2,normal
185.0,cluster_389364_5403869166,0,82.0,77.0,0,0.0,0.0,3,3,0.0,3,normal
185.0,cluster_5300250112_5301488754,0,42.0,37.0,0,0.0,0.0,2,2,10.0,3,normal
190.0,1294004372,0,82.0,72.0,0,0.0,0.0,2,2,0.0,2,starvation
190.0,1396454306,0,60.0,4.0,0,0.0,0.0,1,1,60.0,2,green_waste
190.0,20447270,2,15.0,2.0,4,1.5,22.5,2,1,20.0,4,demand_imbalance
190.0,2365997447,0,82.0,72.0,0,0.0,0.0,1,1,0.0,1,normal
190.0,26867633,0,42.0,32.0,0,0.0,0.0,2,2,15.0,3,normal
190.0,26867646,0,82.0,72.0,0,0.0,0.0,3,3,0.0,3,normal
190.0,2892088923,0,82.0,72.0,0,0.0,0.0,2,2,0.0,2,normal
190.0,3451922932,0,42.0,32.0,0,0.0,0.0,1,1,15.0,3,normal
190.0,3451922950,0,82.0,72.0,0,0.0,0.0,2,2,0.0,2,normal
190.0,3594514234,0,82.0,72.0,0,0.0,0.0,2,2,0.0,2,normal
190.0,3621526490,0,82.0,72.0,0,0.0,0.0,2,2,0.0,2,normal
190.0,5029099782,0,42.0,32.0,0,0.0,0.0,1,1,0.0,1,normal
190.0,511114288,0,82.0,72.0,0,0.0,0.0,2,2,0.0,2,normal
190.0,5300228178,0,82.0,72.0,0,0.0,0.0,2,2,0.0,2,normal
190.0,5300250107,0,82.0,72.0,0,0.0,0.0,2,2,0.0,2,normal
190.0,5300250108,0,82.0,72.0,0,0.0,0.0,2,2,0.0,2,normal
190.0,5301488751,0,82.0,72.0,0,0.0,0.0,2,2,0.0,2,normal
190.0,659815,0,42.0,32.0,0,0.0,0.0,3,3,15.0,4,normal
190.0,710547269,0,24.0,14.0,2,0.86,48.5,4,3,50.0,7,normal
190.0,cluster_1277707259_1415538921_668804488,0,42.0,32.0,1,0.25,1.0,2,2,15.0,4,normal
190.0,cluster_1294004359_1294004382,0,42.0,32.0,0,0.0,0.0,3,3,0.0,3,normal
190.0,cluster_20299832_527734964_537784305,0,38.0,28.0,2,1.0,19.5,1,1,15.0,2,normal
190.0,cluster_2418681455_3772654578,0,82.0,72.0,0,0.0,0.0,1,1,0.0,1,normal
190.0,cluster_3260618602_389365,0,42.0,32.0,1,0.33,11.0,2,2,15.0,3,normal
190.0,cluster_336173796_389292,0,38.0,28.0,0,0.0,0.0,4,4,15.0,8,normal
190.0,cluster_3451922931_3621526491_5301585467_5301585472,0,82.0,72.0,0,0.0,0.0,2,2,0.0,2,normal
190.0,cluster_389364_5403869166,0,82.0,72.0,0,0.0,0.0,3,3,0.0,3,normal
190.0,cluster_5300250112_5301488754,0,42.0,32.0,1,0.33,2.5,2,1,15.0,3,normal
195.0,1294004372,0,82.0,67.0,0,0.0,0.0,2,2,0.0,2,starvation
195.0,1396454306,1,3.0,2.0,0,0.0,0.0,0,0,65.0,2,green_waste
195.0,20447270,3,3.0,0.0,4,1.0,42.5,0,0,25.0,4,demand_imbalance
195.0,2365997447,0,82.0,67.0,0,0.0,0.0,1,1,0.0,1,normal
195.0,26867633,0,42.0,27.0,0,0.0,0.0,2,2,20.0,3,normal
195.0,26867646,0,82.0,67.0,0,0.0,0.0,3,3,0.0,3,normal
195.0,2892088923,0,82.0,67.0,0,0.0,0.0,2,2,0.0,2,normal
195.0,3451922932,0,42.0,27.0,2,0.67,4.5,1,1,20.0,3,normal
195.0,3451922950,0,82.0,67.0,0,0.0,0.0,2,2,0.0,2,normal
195.0,3594514234,0,82.0,67.0,0,0.0,0.0,2,2,0.0,2,normal
195.0,3621526490,0,82.0,67.0,0,0.0,0.0,2,2,0.0,2,normal
195.0,5029099782,0,42.0,27.0,0,0.0,0.0,1,1,0.0,1,normal
195.0,511114288,0,82.0,67.0,0,0.0,0.0,2,2,0.0,2,normal
195.0,5300228178,0,82.0,67.0,0,0.0,0.0,2,2,0.0,2,normal
195.0,5300250107,0,82.0,67.0,0,0.0,0.0,2,2,0.0,2,normal
195.0,5300250108,0,82.0,67.0,0,0.0,0.0,2,2,0.0,2,normal
195.0,5301488751,0,82.0,67.0,0,0.0,0.0,2,2,0.0,2,normal
195.0,659815,0,42.0,27.0,1,0.25,3.0,3,3,20.0,4,normal
195.0,710547269,0,24.0,9.0,2,0.86,58.5,4,3,55.0,7,normal
195.0,cluster_1277707259_1415538921_668804488,0,42.0,27.0,1,0.25,6.0,2,2,20.0,4,normal
195.0,cluster_1294004359_1294004382,0,42.0,27.0,0,0.0,0.0,3,3,0.0,3,normal
195.0,cluster_20299832_527734964_537784305,0,38.0,23.0,2,1.0,29.5,1,1,20.0,2,normal
195.0,cluster_2418681455_3772654578,0,82.0,67.0,0,0.0,0.0,1,1,0.0,1,normal
195.0,cluster_3260618602_389365,0,42.0,27.0,1,0.33,16.0,2,2,20.0,3,normal
195.0,cluster_336173796_389292,0,38.0,23.0,0,0.0,0.0,4,4,20.0,8,normal
195.0,cluster_3451922931_3621526491_5301585467_5301585472,0,82.0,67.0,0,0.0,0.0,2,2,0.0,2,normal
195.0,cluster_389364_5403869166,0,82.0,67.0,0,0.0,0.0,3,3,0.0,3,normal
195.0,cluster_5300250112_5301488754,0,42.0,27.0,1,0.33,7.5,2,1,20.0,3,normal
200.0,1294004372,0,82.0,62.0,0,0.0,0.0,2,2,0.0,2,starvation
200.0,1396454306,2,10.0,7.0,0,0.0,0.0,1,1,10.0,2,green_waste
200.0,20447270,0,45.0,40.0,3,1.0,8.5,2,2,10.0,4,demand_imbalance
200.0,2365997447,0,82.0,62.0,0,0.0,0.0,1,1,0.0,1,normal
200.0,26867633,0,42.0,22.0,0,0.0,0.0,2,2,25.0,3,normal
200.0,26867646,0,82.0,62.0,0,0.0,0.0,3,3,0.0,3,normal
200.0,2892088923,0,82.0,62.0,0,0.0,0.0,2,2,0.0,2,normal
200.0,3451922932,0,42.0,22.0,2,0.67,14.5,1,1,25.0,3,normal
200.0,3451922950,0,82.0,62.0,0,0.0,0.0,2,2,0.0,2,normal
200.0,3594514234,0,82.0,62.0,0,0.0,0.0,2,2,0.0,2,normal
200.0,3621526490,0,82.0,62.0,0,0.0,0.0,2,2,0.0,2,normal
200.0,5029099782,0,42.0,22.0,0,0.0,0.0,1,1,0.0,1,normal
200.0,511114288,0,82.0,62.0,0,0.0,0.0,2,2,0.0,2,normal
200.0,5300228178,0,82.0,62.0,0,0.0,0.0,2,2,0.0,2,normal
200.0,5300250107,0,82.0,62.0,0,0.0,0.0,2,2,0.0,2,normal
200.0,5300250108,0,82.0,62.0,0,0.0,0.0,2,2,0.0,2,normal
200.0,5301488751,0,82.0,62.0,0,0.0,0.0,2,2,0.0,2,normal
200.0,659815,0,42.0,22.0,1,0.25,8.0,3,3,25.0,4,normal
200.0,710547269,0,24.0,4.0,2,0.86,68.5,4,3,60.0,7,normal
200.0,cluster_1277707259_1415538921_668804488,0,42.0,22.0,1,0.5,11.0,2,2,25.0,4,normal
200.0,cluster_1294004359_1294004382,0,42.0,22.0,0,0.0,0.0,3,3,0.0,3,normal
200.0,cluster_20299832_527734964_537784305,0,38.0,18.0,2,1.0,39.5,1,1,25.0,2,normal
200.0,cluster_2418681455_3772654578,0,82.0,62.0,0,0.0,0.0,1,1,0.0,1,normal
200.0,cluster_3260618602_389365,0,42.0,22.0,1,0.33,21.0,2,2,25.0,3,normal
200.0,cluster_336173796_389292,0,38.0,18.0,0,0.0,0.0,4,4,25.0,8,normal
200.0,cluster_3451922931_3621526491_5301585467_5301585472,0,82.0,62.0,0,0.0,0.0,2,2,0.0,2,normal
200.0,cluster_389364_5403869166,0,82.0,62.0,0,0.0,0.0,3,3,0.0,3,normal
200.0,cluster_5300250112_5301488754,0,42.0,22.0,1,0.33,12.5,2,1,25.0,3,normal
205.0,1294004372,0,82.0,57.0,0,0.0,0.0,2,2,0.0,2,starvation
205.0,1396454306,2,10.0,2.0,0,0.0,0.0,1,1,15.0,2,green_waste
205.0,20447270,0,45.0,35.0,5,1.75,31.0,2,2,15.0,4,demand_imbalance
205.0,2365997447,0,82.0,57.0,0,0.0,0.0,1,1,0.0,1,normal
205.0,26867633,0,42.0,17.0,0,0.0,0.0,2,2,30.0,3,normal
205.0,26867646,0,82.0,57.0,0,0.0,0.0,3,3,0.0,3,normal
205.0,2892088923,0,82.0,57.0,0,0.0,0.0,2,2,0.0,2,normal
205.0,3451922932,0,42.0,17.0,2,0.67,24.5,1,1,30.0,3,normal
205.0,3451922950,0,82.0,57.0,0,0.0,0.0,2,2,0.0,2,normal
205.0,3594514234,0,82.0,57.0,0,0.0,0.0,2,2,0.0,2,normal
205.0,3621526490,0,82.0,57.0,0,0.0,0.0,2,2,0.0,2,normal
205.0,5029099782,0,42.0,17.0,0,0.0,0.0,1,1,0.0,1,normal
205.0,511114288,0,82.0,57.0,0,0.0,0.0,2,2,0.0,2,normal
205.0,5300228178,0,82.0,57.0,0,0.0,0.0,2,2,0.0,2,normal
205.0,5300250107,0,82.0,57.0,0,0.0,0.0,2,2,0.0,2,normal
205.0,5300250108,0,82.0,57.0,0,0.0,0.0,2,2,0.0,2,normal
205.0,5301488751,0,82.0,57.0,0,0.0,0.0,2,2,0.0,2,normal
205.0,659815,0,42.0,17.0,1,0.25,13.0,3,3,30.0,4,normal
205.0,710547269,1,3.0,2.0,2,0.86,78.5,0,0,65.0,7,normal
205.0,cluster_1277707259_1415538921_668804488,0,42.0,17.0,1,0.5,16.0,2,2,30.0,4,normal
205.0,cluster_1294004359_1294004382,0,42.0,17.0,0,0.0,0.0,3,3,0.0,3,normal
205.0,cluster_20299832_527734964_537784305,0,38.0,13.0,4,2.0,52.5,1,1,30.0,2,normal
205.0,cluster_2418681455_3772654578,0,82.0,57.0,0,0.0,0.0,1,1,0.0,1,normal
205.0,cluster_3260618602_389365,0,42.0,17.0,1,0.33,26.0,2,2,30.0,3,normal
205.0,cluster_336173796_389292,0,38.0,13.0,0,0.0,0.0,4,4,30.0,8,normal
205.0,cluster_3451922931_3621526491_5301585467_5301585472,0,82.0,57.0,0,0.0,0.0,2,2,0.0,2,normal
205.0,cluster_389364_5403869166,0,82.0,57.0,0,0.0,0.0,3,3,0.0,3,normal
205.0,cluster_5300250112_5301488754,0,42.0,17.0,1,0.33,17.5,2,1,30.0,3,normal
210.0,1294004372,0,82.0,52.0,0,0.0,0.0,2,2,0.0,2,starvation
210.0,1396454306,3,3.0,0.0,0,0.0,0.0,0,0,20.0,2,green_waste
210.0,20447270,0,45.0,30.0,5,1.75,56.0,2,2,20.0,4,demand_imbalance
210.0,2365997447,0,82.0,52.0,0,0.0,0.0,1,1,0.0,1,normal
210.0,26867633,0,42.0,12.0,0,0.0,0.0,2,2,35.0,3,normal
210.0,26867646,0,82.0,52.0,0,0.0,0.0,3,3,0.0,3,normal
210.0,2892088923,0,82.0,52.0,0,0.0,0.0,2,2,0.0,2,normal
210.0,3451922932,0,42.0,12.0,2,0.67,34.5,1,1,35.0,3,normal
210.0,3451922950,0,82.0,52.0,0,0.0,0.0,2,2,0.0,2,normal
210.0,3594514234,0,82.0,52.0,0,0.0,0.0,2,2,0.0,2,normal
210.0,3621526490,0,82.0,52.0,0,0.0,0.0,2,2,0.0,2,normal
210.0,5029099782,0,42.0,12.0,0,0.0,0.0,1,1,0.0,1,normal
210.0,511114288,0,82.0,52.0,0,0.0,0.0,2,2,0.0,2,normal
210.0,5300228178,0,82.0,52.0,0,0.0,0.0,2,2,0.0,2,normal
210.0,5300250107,0,82.0,52.0,0,0.0,0.0,2,2,0.0,2,normal
210.0,5300250108,0,82.0,52.0,0,0.0,0.0,2,2,0.0,2,normal
210.0,5301488751,0,82.0,52.0,0,0.0,0.0,2,2,0.0,2,normal
210.0,659815,0,42.0,12.0,1,0.25,18.0,3,3,35.0,4,normal
210.0,710547269,2,24.0,21.0,0,0.0,0.0,4,4,35.0,7,normal
210.0,cluster_1277707259_1415538921_668804488,0,42.0,12.0,1,0.5,21.0,2,2,35.0,4,normal
210.0,cluster_1294004359_1294004382,0,42.0,12.0,0,0.0,0.0,3,3,0.0,3,normal
210.0,cluster_20299832_527734964_537784305,0,38.0,8.0,4,2.0,72.5,1,1,35.0,2,normal
210.0,cluster_2418681455_3772654578,0,82.0,52.0,0,0.0,0.0,1,1,0.0,1,normal
210.0,cluster_3260618602_389365,0,42.0,12.0,1,0.33,31.0,2,2,35.0,3,normal
210.0,cluster_336173796_389292,0,38.0,8.0,1,0.12,1.0,4,4,35.0,8,normal
210.0,cluster_3451922931_3621526491_5301585467_5301585472,0,82.0,52.0,0,0.0,0.0,2,2,0.0,2,normal
210.0,cluster_389364_5403869166,0,82.0,52.0,0,0.0,0.0,3,3,0.0,3,normal
210.0,cluster_5300250112_5301488754,0,42.0,12.0,1,0.33,22.5,2,1,35.0,3,normal
215.0,1294004372,0,82.0,47.0,0,0.0,0.0,2,2,0.0,2,starvation
215.0,1396454306,0,60.0,55.0,0,0.0,0.0,1,1,10.0,2,green_waste
215.0,20447270,0,45.0,25.0,5,1.75,81.0,2,2,25.0,4,demand_imbalance
215.0,2365997447,0,82.0,47.0,0,0.0,0.0,1,1,0.0,1,normal
215.0,26867633,0,42.0,7.0,0,0.0,0.0,2,2,40.0,3,normal
215.0,26867646,0,82.0,47.0,0,0.0,0.0,3,3,0.0,3,normal
215.0,2892088923,0,82.0,47.0,0,0.0,0.0,2,2,0.0,2,normal
215.0,3451922932,0,42.0,7.0,2,0.67,44.5,1,1,40.0,3,normal
215.0,3451922950,0,82.0,47.0,0,0.0,0.0,2,2,0.0,2,normal
215.0,3594514234,0,82.0,47.0,0,0.0,0.0,2,2,0.0,2,normal
215.0,3621526490,0,82.0,47.0,2,1.0,4.0,2,1,0.0,2,normal
215.0,5029099782,0,42.0,7.0,0,0.0,0.0,1,1,0.0,1,normal
215.0,511114288,0,82.0,47.0,0,0.0,0.0,2,2,0.0,2,normal
215.0,5300228178,0,82.0,47.0,0,0.0,0.0,2,2,0.0,2,normal
215.0,5300250107,0,82.0,47.0,0,0.0,0.0,2,2,0.0,2,normal
215.0,5300250108,0,82.0,47.0,0,0.0,0.0,2,2,0.0,2,normal
215.0,5301488751,0,82.0,47.0,0,0.0,0.0,2,2,0.0,2,normal
215.0,659815,0,42.0,7.0,1,0.25,23.0,3,3,40.0,4,normal
215.0,710547269,2,24.0,16.0,1,0.14,3.5,4,4,40.0,7,normal
215.0,cluster_1277707259_1415538921_668804488,0,42.0,7.0,1,0.5,26.0,2,2,40.0,4,normal
215.0,cluster_1294004359_1294004382,0,42.0,7.0,0,0.0,0.0,3,3,0.0,3,normal
215.0,cluster_20299832_527734964_537784305,0,38.0,3.0,4,2.0,92.5,1,1,40.0,2,normal
215.0,cluster_2418681455_3772654578,0,82.0,47.0,0,0.0,0.0,1,1,0.0,1,normal
215.0,cluster_3260618602_389365,0,42.0,7.0,1,0.33,36.0,2,2,40.0,3,normal
215.0,cluster_336173796_389292,0,38.0,3.0,1,0.12,6.0,4,4,40.0,8,normal
215.0,cluster_3451922931_3621526491_5301585467_5301585472,0,82.0,47.0,0,0.0,0.0,2,2,0.0,2,normal
215.0,cluster_389364_5403869166,0,82.0,47.0,0,0.0,0.0,3,3,0.0,3,normal
215.0,cluster_5300250112_5301488754,0,42.0,7.0,1,0.33,27.5,2,1,40.0,3,normal
220.0,1294004372,0,82.0,42.0,0,0.0,0.0,2,2,0.0,2,starvation
220.0,1396454306,0,60.0,50.0,0,0.0,0.0,1,1,15.0,2,green_waste
220.0,20447270,0,45.0,20.0,7,2.25,109.0,2,2,30.0,4,demand_imbalance
220.0,2365997447,0,82.0,42.0,0,0.0,0.0,1,1,0.0,1,normal
220.0,26867633,0,42.0,2.0,1,0.33,3.0,2,2,45.0,3,normal
220.0,26867646,0,82.0,42.0,0,0.0,0.0,3,3,0.0,3,normal
220.0,2892088923,0,82.0,42.0,0,0.0,0.0,2,2,0.0,2,normal
220.0,3451922932,0,42.0,2.0,2,0.67,54.5,1,1,45.0,3,normal
220.0,3451922950,0,82.0,42.0,0,0.0,0.0,2,2,0.0,2,normal
220.0,3594514234,0,82.0,42.0,0,0.0,0.0,2,2,0.0,2,normal
220.0,3621526490,0,82.0,42.0,2,1.0,14.0,2,1,0.0,2,normal
220.0,5029099782,0,42.0,2.0,0,0.0,0.0,1,1,0.0,1,normal
220.0,511114288,0,82.0,42.0,0,0.0,0.0,2,2,0.0,2,normal
220.0,5300228178,0,82.0,42.0,0,0.0,0.0,2,2,0.0,2,normal
220.0,5300250107,0,82.0,42.0,0,0.0,0.0,2,2,0.0,2,normal
220.0,5300250108,0,82.0,42.0,0,0.0,0.0,2,2,0.0,2,normal
220.0,5301488751,0,82.0,42.0,0,0.0,0.0,2,2,0.0,2,normal
220.0,659815,0,42.0,2.0,1,0.25,28.0,3,3,45.0,4,normal
220.0,710547269,2,24.0,11.0,1,0.14,8.5,4,4,45.0,7,normal
220.0,cluster_1277707259_1415538921_668804488,0,42.0,2.0,1,0.5,31.0,2,2,45.0,4,normal
220.0,cluster_1294004359_1294004382,0,42.0,2.0,0,0.0,0.0,3,3,0.0,3,normal
220.0,cluster_20299832_527734964_537784305,1,3.0,1.0,4,2.0,112.5,0,0,45.0,2,normal
220.0,cluster_2418681455_3772654578,0,82.0,42.0,0,0.0,0.0,1,1,0.0,1,normal
220.0,cluster_3260618602_389365,0,42.0,2.0,1,0.33,41.0,2,2,45.0,3,normal
220.0,cluster_336173796_389292,1,3.0,1.0,1,0.12,11.0,1,1,45.0,8,normal
220.0,cluster_3451922931_3621526491_5301585467_5301585472,0,82.0,42.0,0,0.0,0.0,2,2,0.0,2,normal
220.0,cluster_389364_5403869166,0,82.0,42.0,0,0.0,0.0,3,3,0.0,3,normal
220.0,cluster_5300250112_5301488754,0,42.0,2.0,1,0.33,32.5,2,1,45.0,3,normal
225.0,1294004372,0,82.0,37.0,0,0.0,0.0,2,2,0.0,2,starvation
225.0,1396454306,0,60.0,45.0,0,0.0,0.0,1,1,20.0,2,green_waste
225.0,20447270,0,45.0,15.0,8,2.5,147.5,2,2,35.0,4,demand_imbalance
225.0,2365997447,0,82.0,37.0,0,0.0,0.0,1,1,0.0,1,normal
225.0,26867633,1,3.0,0.0,2,0.67,11.0,0,0,50.0,3,normal
225.0,26867646,0,82.0,37.0,0,0.0,0.0,3,3,0.0,3,normal
225.0,2892088923,0,82.0,37.0,0,0.0,0.0,2,2,0.0,2,normal
225.0,3451922932,1,3.0,0.0,2,0.67,64.5,0,0,50.0,3,normal
225.0,3451922950,0,82.0,37.0,0,0.0,0.0,2,2,0.0,2,normal
225.0,3594514234,0,82.0,37.0,0,0.0,0.0,2,2,0.0,2,normal
225.0,3621526490,0,82.0,37.0,2,1.0,24.0,2,1,0.0,2,normal
225.0,5029099782,1,3.0,0.0,0,0.0,0.0,0,0,5.0,1,normal
225.0,511114288,0,82.0,37.0,0,0.0,0.0,2,2,0.0,2,normal
225.0,5300228178,0,82.0,37.0,0,0.0,0.0,2,2,0.0,2,normal
225.0,5300250107,0,82.0,37.0,0,0.0,0.0,2,2,0.0,2,normal
225.0,5300250108,0,82.0,37.0,0,0.0,0.0,2,2,0.0,2,normal
225.0,5301488751,0,82.0,37.0,0,0.0,0.0,2,2,0.0,2,normal
225.0,659815,1,3.0,0.0,1,0.25,33.0,0,0,50.0,4,normal
225.0,710547269,2,24.0,6.0,1,0.14,13.5,4,4,50.0,7,normal
225.0,cluster_1277707259_1415538921_668804488,1,3.0,0.0,1,0.5,36.0,0,0,50.0,4,normal
225.0,cluster_1294004359_1294004382,1,3.0,0.0,0,0.0,0.0,0,0,5.0,3,normal
225.0,cluster_20299832_527734964_537784305,2,6.0,2.0,4,2.0,132.5,0,0,50.0,2,normal
225.0,cluster_2418681455_3772654578,0,82.0,37.0,0,0.0,0.0,1,1,0.0,1,normal
225.0,cluster_3260618602_389365,1,3.0,0.0,1,0.33,46.0,0,0,50.0,3,normal
225.0,cluster_336173796_389292,2,6.0,2.0,1,0.25,16.0,2,2,50.0,8,normal
225.0,cluster_3451922931_3621526491_5301585467_5301585472,0,82.0,37.0,0,0.0,0.0,2,2,0.0,2,normal
225.0,cluster_389364_5403869166,0,82.0,37.0,0,0.0,0.0,3,3,0.0,3,normal
225.0,cluster_5300250112_5301488754,1,3.0,0.0,1,0.33,37.5,0,0,50.0,3,normal
230.0,1294004372,0,82.0,32.0,0,0.0,0.0,2,2,0.0,2,starvation
230.0,1396454306,0,60.0,40.0,0,0.0,0.0,1,1,25.0,2,green_waste
230.0,20447270,0,45.0,10.0,9,2.75,191.5,2,2,40.0,4,demand_imbalance
230.0,2365997447,0,82.0,32.0,0,0.0,0.0,1,1,0.0,1,normal
230.0,26867633,2,42.0,37.0,1,0.33,2.0,2,2,10.0,3,normal
230.0,26867646,0,82.0,32.0,0,0.0,0.0,3,3,0.0,3,normal
230.0,2892088923,0,82.0,32.0,0,0.0,0.0,2,2,0.0,2,normal
230.0,3451922932,2,42.0,37.0,0,0.0,0.0,2,2,10.0,3,normal
230.0,3451922950,0,82.0,32.0,0,0.0,0.0,2,2,0.0,2,normal
230.0,3594514234,0,82.0,32.0,0,0.0,0.0,2,2,0.0,2,normal
230.0,3621526490,0,82.0,32.0,0,0.0,0.0,2,2,0.0,2,normal
230.0,5029099782,2,42.0,37.0,0,0.0,0.0,0,0,10.0,1,normal
230.0,511114288,0,82.0,32.0,0,0.0,0.0,2,2,0.0,2,normal
230.0,5300228178,0,82.0,32.0,0,0.0,0.0,2,2,0.0,2,normal
230.0,5300250107,0,82.0,32.0,0,0.0,0.0,2,2,0.0,2,normal
230.0,5300250108,0,82.0,32.0,0,0.0,0.0,2,2,0.0,2,normal
230.0,5301488751,0,82.0,32.0,0,0.0,0.0,2,2,0.0,2,normal
230.0,659815,2,42.0,37.0,1,0.25,4.5,1,1,10.0,4,normal
230.0,710547269,2,24.0,1.0,1,0.14,18.5,4,4,55.0,7,normal
230.0,cluster_1277707259_1415538921_668804488,2,42.0,37.0,2,0.5,4.0,2,2,10.0,4,normal
230.0,cluster_1294004359_1294004382,2,42.0,37.0,0,0.0,0.0,3,3,0.0,3,normal
230.0,cluster_20299832_527734964_537784305,3,3.0,0.0,5,2.5,157.0,0,0,55.0,2,normal
230.0,cluster_2418681455_3772654578,0,82.0,32.0,0,0.0,0.0,1,1,0.0,1,normal
230.0,cluster_3260618602_389365,2,42.0,37.0,0,0.0,0.0,2,2,10.0,3,normal
230.0,cluster_336173796_389292,3,3.0,0.0,1,0.25,21.0,0,0,55.0,8,normal
230.0,cluster_3451922931_3621526491_5301585467_5301585472,0,82.0,32.0,0,0.0,0.0,2,2,0.0,2,normal
230.0,cluster_389364_5403869166,0,82.0,32.0,0,0.0,0.0,3,3,0.0,3,normal
230.0,cluster_5300250112_5301488754,2,42.0,37.0,0,0.0,0.0,2,2,10.0,3,normal
235.0,1294004372,0,82.0,27.0,0,0.0,0.0,2,2,0.0,2,starvation
235.0,1396454306,0,60.0,35.0,0,0.0,0.0,1,1,30.0,2,green_waste
235.0,20447270,0,45.0,5.0,9,2.75,236.5,2,2,45.0,4,demand_imbalance
235.0,2365997447,0,82.0,27.0,0,0.0,0.0,1,1,0.0,1,normal
235.0,26867633,2,42.0,32.0,1,0.33,7.0,2,2,15.0,3,normal
235.0,26867646,0,82.0,27.0,0,0.0,0.0,3,3,0.0,3,normal
235.0,2892088923,0,82.0,27.0,0,0.0,0.0,2,2,0.0,2,normal
235.0,3451922932,2,42.0,32.0,0,0.0,0.0,2,2,15.0,3,normal
235.0,3451922950,0,82.0,27.0,0,0.0,0.0,2,2,0.0,2,normal
235.0,3594514234,0,82.0,27.0,0,0.0,0.0,2,2,0.0,2,normal
235.0,3621526490,0,82.0,27.0,0,0.0,0.0,2,2,0.0,2,normal
235.0,5029099782,2,42.0,32.0,0,0.0,0.0,0,0,15.0,1,normal
235.0,511114288,0,82.0,27.0,0,0.0,0.0,2,2,0.0,2,normal
235.0,5300228178,0,82.0,27.0,0,0.0,0.0,2,2,0.0,2,normal
235.0,5300250107,0,82.0,27.0,0,0.0,0.0,2,2,0.0,2,normal
235.0,5300250108,0,82.0,27.0,0,0.0,0.0,2,2,0.0,2,normal
235.0,5301488751,0,82.0,27.0,0,0.0,0.0,2,2,0.0,2,normal
235.0,659815,2,42.0,32.0,1,0.25,9.5,1,1,15.0,4,normal
235.0,710547269,4,6.0,5.0,1,0.14,23.5,1,1,60.0,7,normal
235.0,cluster_1277707259_1415538921_668804488,2,42.0,32.0,3,0.75,15.5,2,2,15.0,4,normal
235.0,cluster_1294004359_1294004382,2,42.0,32.0,0,0.0,0.0,3,3,0.0,3,normal
235.0,cluster_20299832_527734964_537784305,4,37.0,32.0,0,0.0,0.0,1,1,20.0,2,normal
235.0,cluster_2418681455_3772654578,0,82.0,27.0,0,0.0,0.0,1,1,0.0,1,normal
235.0,cluster_3260618602_389365,2,42.0,32.0,1,0.33,1.0,2,2,15.0,3,normal
235.0,cluster_336173796_389292,4,37.0,32.0,0,0.0,0.0,4,4,20.0,8,normal
235.0,cluster_3451922931_3621526491_5301585467_5301585472,0,82.0,27.0,0,0.0,0.0,2,2,0.0,2,normal
235.0,cluster_389364_5403869166,0,82.0,27.0,0,0.0,0.0,3,3,0.0,3,normal
235.0,cluster_5300250112_5301488754,2,42.0,32.0,1,0.33,3.0,2,2,15.0,3,normal
240.0,1294004372,0,82.0,22.0,0,0.0,0.0,2,2,0.0,2,starvation
240.0,1396454306,0,60.0,30.0,0,0.0,0.0,1,1,35.0,2,green_waste
240.0,20447270,0,45.0,0.0,9,2.75,281.5,2,2,50.0,4,demand_imbalance
240.0,2365997447,0,82.0,22.0,0,0.0,0.0,1,1,0.0,1,normal
240.0,26867633,2,42.0,27.0,2,0.67,16.0,2,2,20.0,3,normal
240.0,26867646,0,82.0,22.0,0,0.0,0.0,3,3,0.0,3,normal
240.0,2892088923,0,82.0,22.0,0,0.0,0.0,2,2,0.0,2,normal
240.0,3451922932,2,42.0,27.0,0,0.0,0.0,2,2,20.0,3,normal
240.0,3451922950,0,82.0,22.0,0,0.0,0.0,2,2,0.0,2,normal
240.0,3594514234,0,82.0,22.0,0,0.0,0.0,2,2,0.0,2,normal
240.0,3621526490,0,82.0,22.0,0,0.0,0.0,2,2,0.0,2,normal
240.0,5029099782,2,42.0,27.0,0,0.0,0.0,0,0,20.0,1,normal
240.0,511114288,0,82.0,22.0,0,0.0,0.0,2,2,0.0,2,normal
240.0,5300228178,0,82.0,22.0,0,0.0,0.0,2,2,0.0,2,normal
240.0,5300250107,0,82.0,22.0,0,0.0,0.0,2,2,0.0,2,normal
240.0,5300250108,0,82.0,22.0,0,0.0,0.0,2,2,0.0,2,normal
240.0,5301488751,0,82.0,22.0,0,0.0,0.0,2,2,0.0,2,normal
240.0,659815,2,42.0,27.0,1,0.25,14.5,1,1,20.0,4,normal
240.0,710547269,4,6.0,0.0,1,0.14,28.5,1,1,65.0,7,normal
240.0,cluster_1277707259_1415538921_668804488,2,42.0,27.0,4,1.0,35.5,2,2,20.0,4,normal
240.0,cluster_1294004359_1294004382,2,42.0,27.0,0,0.0,0.0,3,3,0.0,3,normal
240.0,cluster_20299832_527734964_537784305,4,37.0,27.0,0,0.0,0.0,1,1,25.0,2,normal
240.0,cluster_2418681455_3772654578,0,82.0,22.0,0,0.0,0.0,1,1,0.0,1,normal
240.0,cluster_3260618602_389365,2,42.0,27.0,3,1.33,8.5,2,1,20.0,3,normal
240.0,cluster_336173796_389292,4,37.0,27.0,0,0.0,0.0,4,4,25.0,8,normal
240.0,cluster_3451922931_3621526491_5301585467_5301585472,0,82.0,22.0,0,0.0,0.0,2,2,0.0,2,normal
240.0,cluster_389364_5403869166,0,82.0,22.0,0,0.0,0.0,3,3,0.0,3,normal
240.0,cluster_5300250112_5301488754,2,42.0,27.0,1,0.33,8.0,2,2,20.0,3,normal
245.0,1294004372,0,82.0,17.0,0,0.0,0.0,2,2,0.0,2,starvation
245.0,1396454306,0,60.0,25.0,0,0.0,0.0,1,1,40.0,2,green_waste
245.0,20447270,2,15.0,13.0,6,1.5,139.5,2,1,5.0,4,demand_imbalance
245.0,2365997447,0,82.0,17.0,0,0.0,0.0,1,1,0.0,1,normal
245.0,26867633,2,42.0,22.0,3,1.0,28.5,2,2,25.0,3,normal
245.0,26867646,0,82.0,17.0,0,0.0,0.0,3,3,0.0,3,normal
245.0,2892088923,0,82.0,17.0,0,0.0,0.0,2,2,0.0,2,normal
245.0,3451922932,2,42.0,22.0,0,0.0,0.0,2,2,25.0,3,normal
245.0,3451922950,0,82.0,17.0,0,0.0,0.0,2,2,0.0,2,normal
245.0,3594514234,0,82.0,17.0,0,0.0,0.0,2,2,0.0,2,normal
245.0,3621526490,0,82.0,17.0,0,0.0,0.0,2,2,0.0,2,normal
245.0,5029099782,2,42.0,22.0,0,0.0,0.0,0,0,25.0,1,normal
245.0,511114288,0,82.0,17.0,0,0.0,0.0,2,2,0.0,2,normal
245.0,5300228178,0,82.0,17.0,0,0.0,0.0,2,2,0.0,2,normal
245.0,5300250107,0,82.0,17.0,0,0.0,0.0,2,2,0.0,2,normal
245.0,5300250108,0,82.0,17.0,0,0.0,0.0,2,2,0.0,2,normal
245.0,5301488751,0,82.0,17.0,0,0.0,0.0,2,2,0.0,2,normal
245.0,659815,2,42.0,22.0,2,0.5,24.5,1,1,25.0,4,normal
245.0,710547269,6,24.0,22.0,1,0.14,3.0,3,2,45.0,7,normal
245.0,cluster_1277707259_1415538921_668804488,2,42.0,22.0,4,1.0,55.5,2,2,25.0,4,normal
245.0,cluster_1294004359_1294004382,2,42.0,22.0,0,0.0,0.0,3,3,0.0,3,normal
245.0,cluster_20299832_527734964_537784305,4,37.0,22.0,0,0.0,0.0,1,1,30.0,2,normal
245.0,cluster_2418681455_3772654578,0,82.0,17.0,0,0.0,0.0,1,1,0.0,1,normal
245.0,cluster_3260618602_389365,2,42.0,22.0,3,2.0,23.5,2,1,25.0,3,normal
245.0,cluster_336173796_389292,4,37.0,22.0,0,0.0,0.0,4,4,30.0,8,normal
245.0,cluster_3451922931_3621526491_5301585467_5301585472,0,82.0,17.0,0,0.0,0.0,2,2,0.0,2,normal
245.0,cluster_389364_5403869166,0,82.0,17.0,0,0.0,0.0,3,3,0.0,3,normal
245.0,cluster_5300250112_5301488754,2,42.0,22.0,1,0.33,13.0,2,2,25.0,3,normal
250.0,1294004372,0,82.0,12.0,0,0.0,0.0,2,2,0.0,2,starvation
250.0,1396454306,0,60.0,20.0,0,0.0,0.0,1,1,45.0,2,green_waste
250.0,20447270,2,15.0,8.0,1,0.25,4.0,2,2,10.0,4,demand_imbalance
250.0,2365997447,0,82.0,12.0,0,0.0,0.0,1,1,0.0,1,normal
250.0,26867633,2,42.0,17.0,3,1.0,43.5,2,2,30.0,3,normal
250.0,26867646,0,82.0,12.0,0,0.0,0.0,3,3,0.0,3,normal
250.0,2892088923,0,82.0,12.0,0,0.0,0.0,2,2,0.0,2,normal
250.0,3451922932,2,42.0,17.0,0,0.0,0.0,2,2,30.0,3,normal
250.0,3451922950,0,82.0,12.0,0,0.0,0.0,2,2,0.0,2,normal
250.0,3594514234,0,82.0,12.0,0,0.0,0.0,2,2,0.0,2,normal
250.0,3621526490,0,82.0,12.0,0,0.0,0.0,2,2,0.0,2,normal
250.0,5029099782,2,42.0,17.0,0,0.0,0.0,0,0,30.0,1,normal
250.0,511114288,0,82.0,12.0,0,0.0,0.0,2,2,0.0,2,normal
250.0,5300228178,0,82.0,12.0,0,0.0,0.0,2,2,0.0,2,normal
250.0,5300250107,0,82.0,12.0,0,0.0,0.0,2,2,0.0,2,normal
250.0,5300250108,0,82.0,12.0,0,0.0,0.0,2,2,0.0,2,normal
250.0,5301488751,0,82.0,12.0,0,0.0,0.0,2,2,0.0,2,normal
250.0,659815,2,42.0,17.0,2,0.5,34.5,1,1,30.0,4,normal
250.0,710547269,6,24.0,17.0,3,0.57,14.0,3,2,50.0,7,normal
250.0,cluster_1277707259_1415538921_668804488,2,42.0,17.0,6,1.5,81.5,2,2,30.0,4,normal
250.0,cluster_1294004359_1294004382,2,42.0,17.0,0,0.0,0.0,3,3,0.0,3,normal
250.0,cluster_20299832_527734964_537784305,4,37.0,17.0,0,0.0,0.0,1,1,35.0,2,normal
250.0,cluster_2418681455_3772654578,0,82.0,12.0,0,0.0,0.0,1,1,0.0,1,normal
250.0,cluster_3260618602_389365,2,42.0,17.0,3,2.0,38.5,2,1,30.0,3,normal
250.0,cluster_336173796_389292,4,37.0,17.0,0,0.0,0.0,4,4,35.0,8,normal
250.0,cluster_3451922931_3621526491_5301585467_5301585472,0,82.0,12.0,0,0.0,0.0,2,2,0.0,2,normal
250.0,cluster_389364_5403869166,0,82.0,12.0,0,0.0,0.0,3,3,0.0,3,normal
250.0,cluster_5300250112_5301488754,2,42.0,17.0,1,0.33,18.0,2,2,30.0,3,normal
